"Billing Agreements","Paypal Zahlungsfreigaben"
"ID","Id"
"Email","E-Mail"
"First Name","Vorname"
"Last Name","Nachname"
"Reference ID","Referenz ID"
"Status","Status"
"Created","Erstellt"
"N/A","Keine Angabe"
"Updated","Aktualisiert"
"Back","Zurück"
"Are you sure you want to do this?","Sind Sie sicher, dass Sie dies tun wollen?"
"Cancel","Stornieren"
"Billing Agreement #%1","Zahlungsvereinbarung #%1"
"General Information","Allgemeine Information"
"Related Orders","Zugehörige Bestellungen"
"Order","Bestellung"
"Purchased","Gekauft"
"Bill-to Name","Rechnungsname"
"Ship-to Name","Versandname"
"Order Total","Bestellsumme"
"Purchase Point","Verkaufsort"
"Billing Agreement View","Abrechnungsvereinbarung ansehen"
"Are you sure you want to authorize full order amount?","Sind Sie sicher, dass Sie die Gesamtauftragssumme genehmigen möchten?"
"Authorize","Autorisieren"
"View Transaction Details","Transaktionsdetails anzeigen"
"Reference Information","Referenzinformationen"
"Transaction Information","Transaktionsinformationen"
"PayPal Fee Information","PayPal Gebühreninformation"
"PayPal Settlement Reports","PayPal Abrechnungen"
"We are connecting to the PayPal SFTP server to retrieve new reports. Are you sure you want to continue?","Wir verbinden mit dem PayPal-SFTP-Server, um neue Berichte abzurufen. Sind Sie sicher, dass Sie weitermachen möchten?"
"Fetch Updates","Aktualisierungen abrufen"
"button_label","button_label"
"sandbox_button_label","sandbox_button_label"
"Help","Hilfe"
"Configure","Konfigurieren"
"Close","Schließen"
"Learn More","Mehr erfahren"
"View Demo","Demo anzeigen"
"See terms","Allgemeine Geschäftsbedingungen ansehen"
"You will be redirected to the PayPal website.","Sie werden zur PayPal-Website weitergeleitet."
"You will be redirected to the PayPal website when you place an order.","Sie werden zur PayPal-Website weitergeleitet, wenn Sie eine Bestellung aufgeben."
"Incl. Tax","Inkl. MwSt."
"Billing Information","Bestellübersicht"
"Shipping Information","Versandinformation"
"Invalid block type","Ungültiger Block-Typ"
"Please specify the correct billing agreement ID and try again.","Bitte geben Sie die korrekte Abrechnungsvereinbarungs-ID ein und versuchen es erneut."
"You canceled the billing agreement.","Sie haben die Abrechnungsvereinbarung abgebrochen."
"We can't cancel the billing agreement.","Wir konnten die Abrechnungsvereinbarung nicht abbrechen."
"You deleted the billing agreement.","Sie haben die Abrechnungsvereinbarung gelöscht."
"We can't delete the billing agreement.","Wir konnten die Abrechnungsvereinbarung nicht löschen."
"Payment authorization has been successfully created.","Die Zahlungsautorisierung wurde erfolgreich erstellt."
"Unable to make payment authorization.","Zahlungsautorisierung nicht möglich."
"Reports","Berichte"
"Sales","Verkäufe"
"View Transaction","Transaktion anzeigen"
"We found nothing to fetch because of an empty configuration.","Wir konnten aufgrund einer leeren Konfiguration nichts abrufen."
"We fetched %1 report rows from ""%2@%3.""","Wir haben %1 Berichtszeilen aus ""%2@%3."" abgerufen."
"We can't fetch reports from ""%1@%2.""","Die Berichte können nicht aus ""%1@%2."" abgerufen werden."
"The billing agreement ""%1"" has been canceled.","Die Abrechnungsvereinbarung ""%1"" wurde abgebrochen."
"The billing agreement ""%1"" has been created.","Die Abrechnungsvereinbarung ""%1"" wurde erstellt."
"We couldn't finish the billing agreement wizard.","Wir konnten den Abrechnungsvereinbarung -Assistent nicht beenden."
"We can't start the billing agreement wizard.","Wir konnten den Abrechnungsvereinbarung -Assistent nicht starten."
"Billing Agreement # %1","Zahlungsvereinbarung # %1"
"We can't initialize Express Checkout.","Wir konnten die Express-Kaufabwicklung nicht initialisieren."
"PayPal Express Checkout Token does not exist.","PayPal Express Checkout Token existiert nicht."
"A wrong PayPal Express Checkout Token is specified.","Ein falsches PayPal Express Checkout Token ist angegeben."
"Express Checkout and Order have been canceled.","Express-Checkout und Bestellung wurde abgebrochen."
"Express Checkout has been canceled.","Express-Checkout wurde abgebrochen."
"Unable to cancel Express Checkout","Express-Checkout kann nicht abgebrochen werden"
"Please agree to all the terms and conditions before placing the order.","Bitte lesen und akzeptieren Sie alle AGB, bevor Sie Ihre Bestellung aufgeben."
"We can't process Express Checkout approval.","Wir konnten die Genehmigung der Express-Kaufabwicklung nicht verarbeiten."
"We can't initialize Express Checkout review.","Wir konnten die Überprüfung der Express-Kaufabwicklung nicht initialisieren."
"We can't update shipping method.","Wir können die Versandart nicht aktualisieren."
"We can't start Express Checkout.","Wir konnten Express-Kaufabwicklung nicht starten."
"To check out, please sign in with your email address.","Um zur Kasse zu gehen, melden Sie sich bitte mit Ihrer E-Mail-Adresse an."
"Sorry, but something went wrong","Verzeihung, aber etwas ist schiefgegangen"
"Your payment has been declined. Please try again.","Ihre Zahlung wurde abgelehnt. Bitte versuchen Sie es erneut."
"Requested payment method does not match with order.","Die gewünschte Zahlungsmethode passt nicht zur Bestellung."
"Would you like to sign a billing agreement to streamline further purchases with PayPal?","Möchten Sie eine Zahlungsvereinbarung unterzeichnen, um weitere Einkäufe mit PayPal zu beschleunigen?"
"Error processing payment, please try again later.","Bei der Bezahlung ist ein Fehler aufgetreten. Bitte versuchen Sie es später nocheinmal."
"Authorization is not allowed.","Autorisierung ist nicht erlaubt."
"Payment Gateway is unreachable at the moment. Please use another payment option.","Zahlungs-Gateway ist derzeit nicht erreichbar. Verwenden Sie bitte eine andere Zahlungsoption."
"PayPal response hasn't required fields.","Die PayPal Antwort enthält nicht die benötigten Felder."
"Something went wrong while processing your order.","Bei der Bearbeitung Ihrer Bestellung ist ein Fehler aufgetreten."
"PayPal gateway has rejected request. %1","Das Paypal-gateway hat die Anfrage abgewiesen. %1"
"The PayPal gateway rejected the request. %1","Das Paypal-gateway hat die Anfrage abgewiesen. %1"
"I'm sorry - but we were not able to process your payment. Please try another payment method or contact us so we can assist you.","Es tut mir leid - aber wir waren nicht in der Lage, Ihre Zahlung zu verarbeiten. Bitte versuchen Sie eine andere Zahlungsart oder kontaktieren Sie uns, damit wir Ihnen weiterhelfen können."
"I'm sorry - but we are not able to complete your transaction. Please contact us so we can assist you.","Es tut mir leid - aber wir sind nicht in der Lage, Ihre Transaktion abzuschließen. Bitte kontaktieren Sie uns, damit wir Ihnen weiterhelfen können."
"A match of the Shipping Address City, State, and Postal Code failed.","Versandadresse, Staat und Postleitzahl passen nicht zusammen."
"We can't place the order.","Wir können die Bestellung nicht aufgeben."
"The payment method code is not set.","Der Zahlungsmethoden-Code ist nicht gesetzt."
"The reference ID is not set.","Die Referenz-ID ist nicht festgelegt."
"Unable to save Billing Agreement:","Zahlungsvereinbarung kann nicht gespeichert werden:"
"Active","Aktiv"
"Canceled","Storniert"
"The customer ID is not set.","Die Kunden-ID ist nicht spezifiziert."
"The Billing Agreement status is not set.","Der Status der Zahlungsvereinbarung ist nicht spezifiziert."
"The PayPal certificate does not exist.","Das PayPal-Zertifikat ist nicht vorhanden."
"We prefer PayPal (150 X 60)","Wir bevorzugen PayPal (150 X 60)"
"We prefer PayPal (150 X 40)","Wir bevorzugen PayPal (150 X 60)"
"Now accepting PayPal (150 X 60)","Wir akzeptieren PayPal (150 x 60)"
"Now accepting PayPal (150 X 40)","Wir akzeptieren PayPal (150 x 40)"
"Payments by PayPal (150 X 60)","Zahlungen per PayPal (150 x 60)"
"Payments by PayPal (150 X 40)","Zahlungen per PayPal (150 x 40)"
"Shop now using (150 X 60)","Shop nutzt jetzt (150 X 60)"
"Shop now using (150 X 40)","Shop nutzt jetzt (150 X 40)"
"Dynamic","Dynamisch"
"Static","Statisch"
"Shortcut","Verknüpfung"
"Acceptance Mark Image","Akzeptanz Markierungs-Bild"
"Authorization","Autorisierung"
"Sale","Verkauf"
"Yes","Ja"
"No","Nein"
"For Virtual Quotes Only","Nur für virtuelle Angebote"
"Auto","Automatisch"
"Ask Customer","Kunden fragen"
"Never","Niemals"
"IPN (Instant Payment Notification) Only","Nur IPN (Instant Payment Notification)"
"API Signature","API-Signatur"
"API Certificate","API-Zertifikat"
"The maximum number of child authorizations is reached.","Die maximale Anzahl an Child-Berechtigungen ist erreicht."
"We'll authorize the amount of %1 as soon as the payment gateway approves it.","Wir werden eine Höhe von %1 autorisieren, sobald das Payment-Gateway es genehmigt."
"The authorized amount is %1.","Der autorisierte Betrag beträgt %1."
"PayPal can't process orders with a zero balance due. To finish your purchase, please go through the standard checkout process.","PayPal kann keine fälligen Aufträge mit einem Nullsaldo verarbeiten. Um Ihren Kauf abzuschließen, gehen Sie bitte die Standard-Kaufabwicklung durch."
"A payer is not identified.","Ein Zahler ist nicht identifiziert."
"Cannot get secure form URL from PayPal","Kann keine Secure Form URL von PayPal erhalten"
"Last Transaction ID","Letzte Transaktionsnummer"
"This customer didn't include a confirmed address.","Dieser Kunde hat keine bestätigte Adresse."
"The payment is authorized but not settled.","Die Zahlung ist authorisiert aber noch nicht abgeschlossen."
"The payment eCheck is not cleared.","Der Zahlungs-eCheck ist nicht gelöscht."
"The merchant holds a non-U.S. account and doesn't have a withdrawal mechanism.","Der Händler hat kein US-Konto und keinen Rückzug-Mechanismus."
"The payment currency doesn't match any of the merchant's balances currency.","Die Zahlungswährung entspricht keine Salden Währung des Händlers."
"The payment is pending while it is being reviewed by PayPal for risk.","Die Zahlung ist ausstehend, während das Risiko von PayPal überprüft wird."
"The payment is pending because it was made to an email address that is not yet registered or confirmed.","Die Zahlung ist ausstehend, weil sie mit einer E-Mail-Adresse getätigt wurde, die noch nicht registriert ist oder bestätigt wurde."
"The merchant account is not yet verified.","Das Händlerkonto wurde noch nicht verifiziert."
"The payment was made via credit card. In order to receive funds merchant must upgrade account to Business or Premier status.","Die Zahlung erfolgte per Kreditkarte. Um Mittel erhalten, muss das Händler-Konto auf Business-oder Premier-Status hochgestuft werden."
"Sorry, but something went wrong. Please contact PayPal customer service.","Entschuldigung, es ist ein Fehler aufgetreten. Bitte kontaktieren Sie den PayPal Kundenservice."
"A reversal has occurred on this transaction due to a chargeback by your customer.","Eine Stornierung hat bei dieser Transaktion durch eine Rückbuchung des Kunden stattgefunden."
"A reversal has occurred on this transaction due to your customer triggering a money-back guarantee.","Eine Stornierung hat bei dieser Transaktion aufgrund des Auslösens einer Geld-zurück-Garantie stattgefunden."
"A reversal has occurred on this transaction due to a complaint about the transaction from your customer.","Eine Stornierung hat bei dieser Transaktio aufgrund einer Beschwerde des Kunden über die Transaktion stattgefunden."
"A reversal has occurred on this transaction because you have given the customer a refund.","Eine Stornierung hat bei dieser Transaktion stattgefunden, da Sie dem Kunden eine Rückerstattung gewährt haben."
"Reversal of an adjustment.","Stornierung einer Anpassung."
"Transaction reversal due to fraud detected by PayPal administrators.","Stornierung der Transaktion aufgrund eines durch PayPal-Administratoren erkannten Betrugs."
"Transaction reversal by PayPal administrators.","Stornierung der Transaktion durch PayPal-Administratoren."
"Reimbursement for a chargeback.","Kostenerstattung für eine Rückbuchung."
"Settlement of a chargeback.","Abwicklung einer Rückbuchung."
"A reversal has occurred on this transaction because of a customer dispute suspecting unauthorized spoof.","Eine Stornierung ist bei dieser Transaktion aufgrund des Verdachts einer unerlaubten Täuschung aufgetreten."
"Buyer claims that he did not receive goods or service.","Käufer behauptet, dass er die Ware oder Dienstleistung nicht erhalten habe."
"Buyer claims that the goods or service received differ from merchant’s description of the goods or service.","Käufer behauptet, die Ware oder Dienstleistung weicht von der Artikelbezeichnung des Händlers ab."
"Buyer claims that he/she did not authorize transaction.","Käufer behauptet, dass er/sie die Transaktion nicht autorisiert hat."
"A case that has been resolved and close requires a reimbursement.","Ein Vorfall, der bereits gelöst und geschlossen ist, erfordert eine Erstattung."
"Buyer claims that a possible duplicate payment was made to the merchant.","Käufer behauptet, dass eine mögliche doppelte Zahlung an den Händler vorgenommen wurde."
"Buyer claims that the received merchandise is unsatisfactory, defective, or damaged.","Käufer behauptet, dass die erhaltene Ware nicht zufriedenstellend, defekt oder beschädigt ist."
"Unknown reason. Please contact PayPal customer service.","Unbekannter Grund. Bitte kontaktieren Sie den PayPal-Kundenservice."
"Payer ID","Bezahler ID"
"Payer Email","Bezahler E-Mail"
"Payer Status","Bezahler Status"
"Payer Address ID","Bezahler Adress ID"
"Payer Address Status","Bezahler Adress-Status"
"Merchant Protection Eligibility","Händler Schutz-Berechtigung"
"Triggered Fraud Filters","Ausgelöste Betrugs-Filter"
"Last Correlation ID","Letzte Korrelations-ID"
"Address Verification System Response","Adressüberprüfung-Systemantwort"
"CVV2 Check Result by PayPal","CVV2-Prüfergebnis von PayPal"
"AVS Street Match","AVS-Straßenübereinstimmung"
"AVS zip","AVS-Postleitzahl"
"International AVS response","Internationale AVS-Antwort"
"Buyer's Tax ID","Steuernummer des Käufers"
"Buyer's Tax ID Type","Umsatzsteuer-ID-Typ des Käufers"
"Chargeback","Rückbuchung"
"Complaint","Beschwerde"
"Dispute","Streit"
"Matched Address only (no ZIP)","Nur übereinstimmende Adresse (keine Postleitzahl)"
"Matched Address only (no ZIP) International","Nur übereinstimmende Adresse (keine Postleitzahl) International"
"No Details matched","Keine Details übereinstimmend"
"No Details matched. International","Keine Details übereinstimmend. International"
"Exact Match.","Exakte Übereinstimmung."
"Exact Match. Address and Postal Code. International","Genaue Übereinstimmung. Adresse und Postleitzahl. International"
"Exact Match. Address and Postal Code. UK-specific","Genaue Übereinstimmung. Adresse und Postleitzahl. UK-spezifisch"
"N/A. Not allowed for MOTO (Internet/Phone) transactions","N/A. Nicht für MOTO(Internet/Telefon)-Transaktionen erlaubt"
"N/A. Global Unavailable","N/A. Global nicht verfügbar"
"N/A. International Unavailable","N/A. International nicht verfügbar"
"Matched five-digit ZIP only (no Address)","Nur übereinstimmende fünfstellige Postleitzahl (keine Adresse)"
"Matched Postal Code only (no Address)","Nur übereinstimmende Postleitzahl (keine Adresse)"
"N/A. Retry","Nicht verfügbar. Wiederholen"
"N/A. Service not Supported","Nicht verfügbar. Service nicht unterstützt"
"N/A. Unavailable","Nicht verfügber"
"Matched whole nine-digit ZIP (no Address)","Ganze 9 stellige Postleitzahl angeglichen (keine Adresse)"
"Yes. Matched Address and five-digit ZIP","Ja. Übereinstimmende Adresse und fünfstellige Postleitzahl"
"All the address information matched","Alle Adressinformationen übereinstimmend"
"None of the address information matched","Keine der Adressinformationen übereinstimmend"
"Part of the address information matched","Teile der Adressinformationen übereinstimmend"
"N/A. The merchant did not provide AVS information","N/A. Der Händler hat keine AVS-Informationen angegeben."
"N/A. Address not checked, or acquirer had no response. Service not available","N/A. Adresse nicht überprüft oder Erwerber hatte keine Antwort. Dienst nicht verfügbar"
"Matched (CVV2CSC)","Übereinstimmend (CVV2CSC)"
"No match","Keine Übereinstimmung"
"N/A. Not processed","N/A. Nicht verarbeitet"
"N/A. Service not supported","N/A. Service nicht unterstützt"
"N/A. Service not available","N/A. Service nicht verfügbar"
"N/A. No response","N/A. Keine Antwort"
"Matched (CVV2)","Übereinstimmend (CVV2)"
"N/A. The merchant has not implemented CVV2 code handling","N/A. Der Händler hat CVV2-Code-Handling nicht implementiert"
"N/A. Merchant has indicated that CVV2 is not present on card","N/A. Händler hat angegeben, dass CVV2 auf der Karte nicht vorhanden ist"
"CNPJ","CNPJ"
"CPF","CPF"
"Credit Card","Kreditkarte"
"ending","endet"
"expires","läuft ab"
"Note: %1","Hinweis: %1"
"IPN ""%1"". Case type ""%2"". Case ID ""%3"" %4","IPN ""%1"". Falltyp ""%2"". Fall ID ""%3"" %4"
"IPN ""%1"". A dispute has been resolved and closed. %2 Transaction amount %3.","IPN ""%1"" Eine Streitigkeit wurde gelöst und geschlossen. %2 Transaktionsbetrag %3"
"You notified customer about invoice #%1.","Sie haben den Kunden über Rechnung #%1 informiert."
"We cannot cancel this order.","Wir können diese Bestellung nicht stornieren."
"IPN ""%1"". %2 Transaction amount %3. Transaction ID: ""%4""","IPN ""%1"". %2 Transaktionsmenge %3. Transaktions-ID: ""%4"""
"You notified customer about creditmemo #%1.","Sie haben Ihren Kunden über die Gutschrift #%1 informiert."
"IPN ""%1""","IPN ""%1"""
"Payflow PNREF: #%1.","PNREF Payflow: #%1."
"Unable to fetch transaction details.","Nicht in der Lage, die Transaktionsdetails abzurufen."
"Invalid method %1::%2","Ungültige Methode %1:: %2"
"Transaction has been declined","Transaktion wurde abgelehnt"
"Error processing payment. Please try again later.","Bei der Bezahlung ist ein Fehler aufgetreten. Bitte versuchen Sie es später nocheinmal."
"We cannot send the new order email.","Wir können die neue Bestell-E-Mail nicht senden."
"Payment error. %value was not found.","Zahlungsfehler. %value wurde nicht gefunden."
"You cannot void a verification transaction.","Sie können eine Verifizierungs-Transaktion nicht löschen."
"You need an authorization transaction to void.","Sie benötigen eine Autorisierung, um die Transaktion aufzuheben."
"We can't issue a refund transaction because there is no capture transaction.","Wir können keine Rückerstattung erteilen, weil es keine Empfang-Transaktion gibt."
"We cannot create a target file for reading reports.","Wir können für das Lesen von Berichten keine Zieldatei erstellen."
"Report Date","Datum des Berichts"
"Merchant Account","Händler-Konto"
"Transaction ID","Transaktions ID"
"Invoice ID","Rechnungs-ID"
"PayPal Reference ID","PayPal-Referenz-ID"
"PayPal Reference ID Type","PayPal-Referenz-ID-Typ"
"Event Code","Ereigniscode"
"Event","Vorgang"
"Start Date","Start"
"Finish Date","Enddatum"
"Debit or Credit","Lastschrift oder Kredit"
"Gross Amount","Bruttobetrag"
"Fee Debit or Credit","Gebühr-Lastschrift oder Kredit"
"Fee Amount","Gebührenbetrag"
"Custom","Benutzerdefiniert"
"Order ID","Bestellnummer"
"Preapproved Payment ID","Vorgenehmigte Zahlungs-ID"
"Subscription ID","Abonnement-ID"
"Credit","Guthaben"
"Debit","Lastschrift"
"ACH Deposit (Hold for Dispute or Other Investigation)","ACH-Kaution (Halten für Streitschlichtung oder andere Untersuchungen)"
"ACH Deposit (Reversal)","ACH-Kaution (Storno)"
"ACH Funding for Funds Recovery from Account Balance","ACH-Finanzierung für Fonds-Erholung des Kontenstands"
"ACH Withdrawal","ACH-Widerrufsrecht"
"Account-to-Account Payment, initiated by PayPal","Account-zu-Account Zahlung, ausgelöst durch PayPal"
"Auction Payment other than through eBay","Auktionszahlung außer eBay"
"AutoSweep","AutoSweep"
"Available Balance","Verfügbares Guthaben"
"Balance Manager Account Bonus","Ausgleichsmanager-Kontobonus"
"Bonus for first ACH Use","Bonus für die erste ACH-Nutzung"
"Buyer Credit Payment","Käuferkreditzahlung"
"Charge-off","Abbuchung"
"Coupon Redemption","Gutscheinrücknahme"
"Currency Conversion required to cover negative balance","Währungsumrechnung erforderlich, um negative Bilanz abzudecken"
"Debit Card Cash Back","Kreditkartenrückzahlung"
"Debit Card Transaction","Kreditkartentransaktion"
"Direct Payment API","Direct Payment API"
"EFT Funding (German banking)","EFT-Finanzierung (Deutsche Banken)"
"Express Checkout APIs","Express Checkout APIs"
"Fee Reversal","Stornierungsgebühr"
"Fee: Foreign ACH Withdrawal","Gebühr: Ausländische ACH-Widerruf"
"Fee: Mass Pay Request","Gebühr: Sammelzahlung anfordern"
"Fee: Web Site Payments Pro Account Monthly","Gebühr: Webseitenzahlungen pro Account monatlich"
"Fee: WorldLink Check Withdrawal","Gebühr: Worldlink Check-Widerruf"
"Funding","Finanzierung"
"General (Authorization)","Allgemein (Autorisierung)"
"General (Dividend)","Allgemein (Dividende)"
"General (Funds Transfer from PayPal Account to Another)","Allgemein (Kapitaltransfer von einem PayPal-Konto auf ein anderes)"
"General (Purchase with a credit card)","Allgemein (Kauf mit Kreditkarte)"
"General Adjustment without businessrelated event","Allgemeine Einstellung ohne unternehmensbezogenes Ereignis"
"General Currency Conversion","Allgemeine Währungsumrechnung"
"General Funding of PayPal Account ","Allgemeine Finanzierung des PayPal-Kontos"
"General Redemption","Allgemeine Rückzahlung"
"General Withdrawal from PayPal Account","Allgemeine Rücknahme des PayPal-Kontos"
"General. Product no longer supported","Allgemein: Produkt wird nicht mehr unterstützt"
"General: Use of PayPal account for purchasing as well as receiving payments","Allgemein: Verwendung des PayPal-Kontos sowohl für den Kauf als auch für den Empfang von Zahlungen"
"General: Withdrawal from PayPal Account","Allgemein: Rücknahme des PayPal-Kontos"
"General: Withdrawal to Non-Bank Entity","Allgemein: Widerruf an Nicht-Banken"
"General: adjustment of a type not belonging to the other T12xx categories","Allgemein: Einstellungen eines Typs, der nicht zu den anderen T12xx-Kategorien gehört."
"General: bonus of a type not belonging to the other T08xx categories","Allgemein: Bonus eines Typs, der nicht zu den anderen T08xxx-Kategorien gehört."
"General: event not yet categorized","Allgemein: Ereignis ist noch nicht kategorisiert"
"General: non-payment fee of a type not belonging to the other T01xx categories","Allgemein: Nichtzahlungsgebühr eines Typs, der nicht zu den anderen T01xx-Kategorien gehört."
"General: received payment of a type not belonging to the other T00xx categories","Allgemein: Zahlung eines Typs erhalten, der nicht zu den anderen T00xx-Kategorien gehört ."
"General: reversal of a type not belonging to the other T11xx categories","Allgemein: Stornierung eines Typs, der nicht zu den anderen T11xx-Kategorien gehört."
"General: temporary hold of a type not belonging to the other T15xx categories","Allgemein: vorübergehende Deaktivierung eines Typs, der nicht zu den anderen T15xx-Kategorien gehört."
"Gift Certificate Payment: purchase of Gift Certificate","Geschenkgutscheinzahlung: Kauf eines Geschenkgutscheins"
"Gift Certificate Redemption","Geschenkgutschein-Rücknahme"
"Hidden Virtual PayPal Debit Card Transaction","Versteckte virtuelle PayPal-Kreditkarten-Transaktion"
"Hold for Dispute Investigation","Halten für Streit-Untersuchungen"
"Incentive","Anreiz"
"Mass Pay Payment","Sammelzahlung"
"Merchant Referral Bonus","Empfehlungsbonus"
"Mobile Payment (made via a mobile phone)","Mobile Payment (über ein Mobiltelefon)"
"Negative Balance","Negative Bilanz"
"Open Authorization","Autorisierung öffnen"
"PayPal Balance Manager function of PayPal account","PayPal Ausgleichs-Manager-Funktion des PayPal-Kontos"
"PayPal Buyer Warranty Bonus","PayPal-Käufergarantie-Bonus"
"PayPal Debit Card Cash Advance","PayPal Kreditkarten-Barkredit"
"PayPal Debit Card Withdrawal from ATM","PayPal-Kreditkarten-Rücknahme von ATM"
"PayPal Protection Bonus","PayPal-Schutz-Bonus"
"Payment Refund initiated by merchant","Zahlungsrückerstattung durch Händler initiiert"
"Points Incentive Redemption","Anreizpunkte für Rückzahlung"
"Postage Payment to either USPS or UPS","Porto-Zahlung entweder an USPS oder UPS"
"Preapproved Payment (BillUser API, either sent or received","Im Voraus genehmigte Zahlung (BillUser API, gesendet oder empfangen)"
"Reauthorization","Neue Bevollmächtigung"
"Reimbursement of Chargeback","Erstattung der Ausgleichsbuchung"
"Reversal","Aufhebung"
"Reversal of General Account Hold","Aufhebung der Stilllegung des allgemeinen Kontos"
"Reversal of Points Usage","Aufhebung der Punkteverwendung"
"Reversal of hold for Dispute Investigation","Aufhebung der Streitschlichtungsuntersuchung"
"Reward Voucher Redemption","Belohnungsgutschein-Einlösung"
"Settlement Consolidation","Abwicklungs-Konsolidierung"
"Subscription Payment, either payment sent or payment received","Abonnement-Zahlung, entweder Zahlung getätigt oder Zahlung erhalten"
"User-initiated Currency Conversion","Benutzerinitiierte Währungsumrechnung"
"Virtual PayPal Debit Card Transaction","Virtuelle PayPal-Kreditkarten-Transaktion"
"Virtual Terminal Payment","Virtual Terminal-Zahlung"
"Void","Aufheben"
"WorldLink Withdrawal","Worldlink-Widerruf"
"eBay Auction Payment","eBay Auktionszahlung"
"The PayPal certificate file is empty.","Die PayPal-Zertifikatsdatei ist leer."
"Header (center)","Header (Mitte)"
"Sidebar (right)","Seitenleiste (rechts)"
"Near PayPal Credit checkout button","In der Nähe des PayPal Credit Checkout Button"
"--Please Select--","-- Bitte wählen --"
"Daily","Täglich"
"Every 3 days","Alle 3 Tage"
"Every 7 days","Alle 7 Tage"
"Every 10 days","Alle 10 Tage"
"Every 14 days","Alle 14 Tage"
"Every 30 days","Alle 30 Tage"
"Every 40 days","Alle 40 Tage"
"No Logo","Kein Logo"
"Yes (PayPal recommends this option)","Ja (PayPal empfiehlt diese Option)"
"Created billing agreement #%1.","Abrechnungsvereinbarung #%1 erstellt."
"We can't create a billing agreement for this order.","Wir konnten keine Abrechnungsvereinbarung für diesen Auftrag erstellen."
"An invoice cannot be created when none of authorization transactions available.","Eine Rechnung kann nicht erstellt werden, wenn noch keine Autorisierungstransaktionen verfügbar sind."
"Pending PayPal","PayPal ausstehend"
"PayPal Reversed","PayPal storniert"
"PayPal Canceled Reversal","PayPal abgebrochene Stornierung"
"Error","Fehler"
"Billing Agreement","Abrechnungsvereinbarung"
"Please Select","Bitte wählen"
"Customer","Kunde"
"Created At","Erstellt am"
"Updated At","Aktualisiert am"
"Not sure what PayPal payment method to use? Click ","Nicht sicher, welche PayPal-Zahlungsmethode benutzt werden soll? Klick"
"here","hier"
" to learn more."," um mehr zu erfahren."
"Important: ","Wichtig: "
"To use PayPal Payments Advanced, you must configure your PayPal Payments Advanced account on the PayPal website.","Um erweiterte PayPal-Zahlungen verwenden zu können, müssen Sie Ihr erweitertes PayPal-Zahlungen-Konto auf der PayPal-Website konfigurieren."
"Once you log into your PayPal Advanced account, navigate to the Service Settings - Hosted Checkout Pages - Set Up menu and set the options described below","Sobald Sie sich in Ihrem erweiterten PayPal-Konto einloggen , navigieren Sie zu den Service-Einstellungen - Hosting-Checkout-Seiten - Set-Up-Menü und stellen Sie die unten beschriebenen Optionen ein."
"To use PayPal Payflow Link, you must configure your PayPal Payflow Link account on the PayPal website.","Um den PayPal Payflow Link nutzen zu können, müssen Sie Ihr PayPal Payflow Link-Konto auf der PayPal-Website konfigurieren."
"Once you log into your PayPal Payflow Link account, navigate to the Service Settings - Hosted Checkout Pages - Set Up menu and set the options described below","Sobald Sie sich in Ihrem PayPal Payflow Link-Konto anmelden, navigieren Sie zu den Service-Einstellungen - Hosting-Checkout-Seiten - Set-Up-Menü und stellen Sie die unten beschriebenen Optionen ein."
"Credit Card Type","Kreditkartentyp"
"Credit Card Number","Kreditkartennummer"
"Expiration Date","Ablaufdatum"
"Card Verification Number","Kartenprüfnummer"
"Billing Agreement # ","Rechnungsvereinbarungsnummer #"
"Agreement Information","Vereinbarungsinformationen"
"Reference ID:","Referenz-ID:"
"Status:","Status:"
"Created:","Erstellt:"
"Updated:","Aktualisiert:"
"Payment Method:","Zahlungsart:"
"Order #","Bestellung #"
"Date","Datum"
"Ship To","Verschicken an"
"Order Status","Bestellstatus"
"View Order","Bestellung ansehen"
"Back to Billing Agreements","Zurück zu den Abrechnungsvereinbarungen"
"Payment Method","Zahlungsart"
"View","Anzeigen"
"There are no billing agreements yet.","Es gibt noch keine Zahlungsvereinbarungen."
"New Billing Agreement","Neue Abrechnungsvereinbarungen"
"You will be redirected to the payment system website.","Sie werden zur Zahlungssystem-Webseite umgeleitet."
"-- Please Select --","-- Bitte wählen --"
"Create...","Erstellen..."
"Your credit card will be charged for","Ihre Kreditkarte wird belastet für"
"Your billing agreement # is: ","Ihre Rechnungsvereinbarungsnummer # ist:"
"Shipping Method","Versandart"
"Please select a shipping method...","Bitte wählen Sie eine Versandart..."
"Update Shipping Method","Versandart aktualisieren"
"Sorry, no quotes are available for this order right now.","Zur Zeit sind leider keine Angebote für diese Bestellung verfügbar."
"Shipping Address","Lieferadresse"
"Edit","Bearbeiten"
"Buy now with PayPal","Jetzt mit PayPal kaufen"
"Edit Payment Information","Zahlungsinformationen bearbeiten"
"Items in Your Shopping Cart","Artikel in Ihrem Warenkorb"
"Edit Shopping Cart","Warenkorb bearbeiten"
"Place Order","Jetzt kaufen"
"Submitting order information...","Bestellung wird übermittelt …"
"Item","Artikel"
"Price","Preis"
"Qty","Menge"
"Subtotal","Zwischensumme"
"Please update order data to get shipping methods and rates","Bitte aktualisieren Sie Ihre Bestelldaten, um Versandarten und -Preise zu erhalten"
"or","oder"
"Checkout with PayPal","Mit PayPal bezahlen"
"Please do not refresh the page until you complete payment.","Bitte aktualisieren Sie die Seite nicht, bis Sie die Zahlung abgeschlossen haben."
"You will be required to enter your payment details after you place an order.","Sie werden gebeten, Ihre Zahlungsinformationen einzugeben, nachdem Sie Ihre Bestellung aufgeben haben."
"Continue","Fortsetzen"
"Additional Options","Zusätzliche Optionen"
"-- Please Select Billing Agreement--","-- Bitte Zahlungsvereinbarung auswählen --"
"Acceptance Mark","Akzeptanz-Markierung"
"What is PayPal?","Was ist PayPal?"
"Sign a billing agreement to streamline further purchases  with PayPal.","Zeichnen Sie eine Abrechnungsvereinbarung ab, um weitere Einkäufe bei PayPal zu optimieren."
"Sign a billing agreement to streamline further purchases with PayPal.","Unterzeichnen Sie eine Rechnungsvereinbarung, um weitere Einkäufe mit PayPal zu optimieren."
"Continue to PayPal","Weiter zu PayPal"
"Save credit card information for future use.","Kreditkarteninformation für zukünftige Verwendung speichern."
"Sorry, something went wrong.","Entschuldigung, es ist ein Fehler aufgetreten."
"Sorry, something went wrong. Please try again later.","Entschuldigung, es ist ein Fehler aufgetreten. Bitte versuchen Sie es später erneut."
"PayPal Section","Abschnitt PayPal"
"PayPal Settlement","PayPal Regelung"
"Fetch","Abrufen"
"Actions","Aktionen"
"Manage","Verwalten"
"Place Order Using Billing Agreements","Bestellung aufgeben unter Anwendung von Abrechnungsvereinbarungen"
"Orders","Bestellungen"
"Payment Amount Authorization","Zahlungsbetrag-Authorisierung"
"Merchant Location","Händlerstandort"
"Merchant Country","Händlerland"
"If not specified, Default Country from General Config will be used","Wenn nicht angegeben, wird das Standardland der allgemeinen Konfiguration verwendet."
"Recommended Solutions:","Empfohlene Lösungen:"
"Other PayPal Payment Solutions:","Andere PayPal Zahlungslösungen:"
"Other Payment Methods:","Andere Zahlungsmethoden:"
"PayPal Express Checkout","PayPal Express Checkout"
"Add another payment method to your existing solution or as a stand-alone option.","Fügen Sie eine andere Zahlungsmethode Ihrer bestehenden Lösung oder als Stand-Alone-Option hinzu."
"PayPal All-in-One Payment Solutions&nbsp;<i>Accept and process credit cards and PayPal payments.</i>","PayPal All-in-One-Zahlungslösungen&nbsp;<i>Kreditkarten und PayPal-Zahlungen akzeptieren und bearbeiten.</i>"
"Choose a secure bundled payment solution for your business.","Wählen Sie eine sichere gebündelte Zahlungslösung für Ihr Unternehmen."
"Payments Pro","Payments Pro"
"Payments Pro and Express Checkout","Payments Pro und Express Checkout"
"Basic Settings - PayPal Payments Pro","Grundeinstellungen- PayPal Payments Pro"
"PayPal Payment Gateways&nbsp;<i>Process payments using your own internet merchant account.</i>","PayPal-Payment-Gateways&nbsp;<i>Abwicklung von Zahlungen mit Ihrem eigenen Internet-Händler-Konto.</i>"
"PayPal All-in-One Payment Solutions&nbsp;&nbsp;<i>Accept and process credit cards and PayPal payments.</i>","PayPal All-in-One-Zahlungslösungen&nbsp;&nbsp;<i>Kreditkarten und PayPal-Zahlungen akzeptieren und bearbeiten.</i>"
"Accept payments with a completely customizable checkout page.","Akzpetieren Sie Zahlungen mit einem angepasst gestalteten Zahlungsvorgang."
"Process payments using your own internet merchant account.","Abwicklung von Zahlungen mit Ihrem eigenen Internet-Händler-Konto."
"Website Payments Pro","Website Payments Pro"
"Express Checkout","Express Checkout"
"Add PayPal as an additional payment method to your checkout page.","PayPal als zusätzliche Zahlungsmethode zu Ihrer Checkout-Seite hinzufügen."
"Required PayPal Settings","Erforderliche PayPal-Einstellungen"
"Email Associated with PayPal Merchant Account (Optional)","Einem PayPal-Händler-Konto zugeordnete E-Mail (optional)"
"<a href=""http://www.magentocommerce.com/paypal"">Start accepting payments via PayPal!</a>","<a href=""http://www.magentocommerce.com/paypal"">Beginnen Sie Zahlungen per PayPal zu akzeptieren!</a>"
"Don't have a PayPal account? Simply enter your email address.","Sie haben noch kein PayPal-Konto? Geben Sie einfach Ihre E-Mail-Adresse ein."
"API Authentication Methods","API-Authentifizierungsmethoden"
"API Username","API-Benutzername"
"API Password","API Passwort"
"Get Credentials from PayPal","Anmeldeinformationen von PayPal bekommen"
"Sandbox Mode","Sandbox Modus"
"API Uses Proxy","API verwendet Proxy"
"Proxy Host","Proxy-Host"
"Proxy Port","Proxy-Port"
"Enable this Solution","Diese Lösung aktivieren"
"Enable In-Context Checkout Experience","Im-Kontext Checkout Verhalten aktivieren"
"See PayPal Feature Support details and list of supported regions
                    <a href=""https://developer.paypal.com/docs/classic/express-checkout/in-context/"" target=""_blank"">here</a>.","
                    Siehe PayPal Feature-Support-Details und Liste der unterstützten Regionen
                    <a href=""https://developer.paypal.com/docs/classic/express-checkout/in-context/"" target=""_blank"">hier</a>.
."
"Merchant Account ID","Händler-Konto-ID"
"Enable PayPal Credit","PayPal Credit® aktivieren"
"PayPal Express Checkout lets you give customers access to financing through PayPal Credit&#174; - at no additional cost to you.
                        You get paid up front, even though customers have more time to pay. A pre-integrated payment button lets customers pay quickly with PayPal Credit&#174;.
                        <a href=""https:/www.paypal.com/webapps/mpp/promotional-financing"" target=""_blank"">Learn More</a>","PayPal Express Checkout ermöglicht es Kunden, über PayPal Credit&#174; zu finanzieren - ohne zusätzliche Kosten für Sie.
                        Sie werden vorab bezahlt, obwohl Kunden mehr Zeit haben zu bezahlen. Eine vorintegrierte Zahlungsbutton ermöglicht es Kunden, schnell mit PayPal-Guthaben&#174;zu bezahlen.
                        <a href=""https:/www.paypal.com/webapps/mpp/promotional-financing"" target=""_blank"">Mehr erfahren</a>"
"Sort Order PayPal Credit","Bestellen Sie mit PayPal Guthaben"
"Advertise PayPal Credit","Für PayPal Credit werben"
"<a href=""https:/financing.paypal.com/ppfinportal/content/whyUseFinancing"" target=""_blank"">Why Advertise Financing?</a><br/>
                        <strong>Give your sales a boost when you advertise financing.</strong><br/>PayPal helps turn browsers into buyers with financing
                        from PayPal Credit&#174;. Your customers have more time to pay, while you get paid up front – at no additional cost to you.
                        Use PayPal’s free banner ads that let you advertise PayPal Credit&#174; financing as a payment option when your customers check out with PayPal.
                        The PayPal Advertising Program has been shown to generate additional purchases as well as increase consumer's average purchase sizes by 15%
                        or more. <a href=""https:/financing.paypal.com/ppfinportal/content/forrester"" target=""_blank"">See Details</a>.","
                    <a href=""https://financing.paypal.com/ppfinportal/content/whyUseFinancing"" target=""_blank"">Warum Finanzierung bewerben?</a><br/>
                            <strong>Geben Sie Ihrem Umsatz einen Schub, wenn Sie für Finanzierung werben.</strong><br/>PayPal hilft damit, Betrachter mit Hilfe der PayPal Credit&#174; in
                            Käufer umzuwandeln. Ihre Kunden habe mehr Zeit zu bezahlen und Sie werden sofort bezahlt – ohne Zusatzkosten für Sie.
                            Benutzen Sie PayPals kostenlosen Werbe-Banner um PayPal Credit&#174;  Finanzierung als eine Zahlungsart zu bewerben, wenn Ihre Kunden mit PayPal bezahlen.
                            Das PayPal Werbeprogramm hat eine Erhöhung der Einkäufe sowie auch  eine Erhöhung der durchschnittlichen Kaufmengen um 15 % oder mehr nachgewiesen.
                            <a href=""https://financing.paypal.com/ppfinportal/content/forrester"" target=""_blank"">Details ansehen</a>.
                "
"Publisher ID","Publisher-ID"
"Required to display a banner","Erforderlich, um einen Banner einzubinden"
"Get Publisher ID from PayPal","Publisher-ID von PayPal bekommen"
"Home Page","Startseite"
"Display","Anzeigen"
"Position","Reihenfolge"
"Size","Größe"
"Catalog Category Page","Kategorieseite"
"Catalog Product Page","Produktseite"
"Checkout Cart Page","Warenkorb-Seite"
"Basic Settings - PayPal Express Checkout","Grundeinstellungen - PayPal Express Checkout"
"Title","Titel"
"It is recommended to set this value to ""PayPal"" per store views.","Es wird empfohlen, diesen Wert auf ""PayPal"" pro Store View zu setzen."
"Sort Order","Sortierreihenfolge"
"Payment Action","Zahlungsvorgang"
"Display on Product Details Page","Auf Produktdetail-Seite anzeigen"
"Authorization Honor Period (days)","Autorisierungs-Honorierungs-Zeitraum (Tage)"
"Specifies what the Authorization Honor Period is on the merchant’s PayPal account. It must mirror the setting in PayPal.","Gibt den Autorisierungs-Honorierungs-Zeitraum auf dem Händler PayPal-Konto an. Muss mit der Einstellung in PayPal übereinstimmen."
"Order Valid Period (days)","Gültigskeitsdauer von Bestellungen (Tage)"
"Specifies what the Order Valid Period is on the merchant’s PayPal account. It must mirror the setting in PayPal.","Gibt die Gültigskeitsdauer von Bestellungen im Händler-PayPal-Konto an. Muss mit den Einstellungen in PayPal übereinstimmen."
"Number of Child Authorizations","Anzahl der Child-Genehmigungen"
"The default number of child authorizations in your PayPal account is 1. To do multiple authorizations please contact PayPal to request an increase.","Die Standardanzahl der Child-Genehmigungen in Ihrem PayPal-Konto ist 1. Um mehrere Genehmigungen auszuführen, wenden Sie sich an PayPal, um eine Erhöhung zu beantragen."
"Advanced Settings","Erweiterte Einstellungen"
"Display on Shopping Cart","Im Warenkorb anzeigen"
"Also affects mini-shopping cart.","Dies betrifft auch den Mini-Warenkorb."
"Payment Applicable From","Zahlung anwendbar von"
"Countries Payment Applicable From","Länderzahlung anwendbar von"
"Debug Mode","Debug-Modus"
"Enable SSL verification","SSL-Prüfung aktivieren"
"Transfer Cart Line Items","Artikel des Warenkorbs übertragen"
"Transfer Shipping Options","Versandoptionen übertragen"
"If this option is enabled, customer can change shipping address and shipping method on PayPal website. In live mode works via HTTPS protocol only.","Wenn diese Option aktiviert ist, können Kunden die Lieferadresse und die Versandart auf der PayPal-Website ändern. Im Live-Modus funktioniert das nur über HTTPS-Protokoll."
"Notice that PayPal can handle up to 10 shipping options. That is why Magento will transfer only first 10 cheapest shipping options if there are more than 10 available.","Beachten Sie, dass PayPal bis zu 10 Versandoptionen verarbeiten kann. Deshalb wird Magento die ersten 10 günstigsten Versandoptionen übertragen, wenn es mehr als 10 sind."
"Shortcut Buttons Flavor","Shortcut-Flavor"
"Enable PayPal Guest Checkout","PayPal-Checkout für Gäste aktivieren"
"Ability for buyer to purchase without PayPal account.","Möglichkeit für Käufer, ohne PayPal-Account zu kaufen"
"Require Customer's Billing Address","Pflichtangabe der Rechnungsadresse des Kunden"
"This feature needs be enabled first for the merchant account through PayPal technical support.","Dieses Feature muss zunächst für das Händler-Konto über den technischen PayPal-Support aktiviert sein."
"Billing Agreement Signup","Abrechnungsvereinbarungsregistrierung"
"Whether to create a billing agreement, if there are no active billing agreements available.","Eine Abrechnungsvereinbarung erstellen, wenn keine aktiven Abrechnungsvereinbarungen verfügbar sind."
"Merchants need to apply to PayPal for enabling billing agreements feature. Do not enable this option until PayPal confirms that billing agreements are enabled for your merchant account.","Händler müssen sich für die Verwendung der ""Zahlungsvereinbarung"" bei PayPal anmelden. Bitte aktivieren Sie diese Option erst, wenn PayPal die Zahlungsvereinbarungen für Ihr Händlerkonto freigeschaltet hat."
"Skip Order Review Step","Bestellbewertungs-Schritt überspringen"
"PayPal Billing Agreement Settings","PayPal-Abrechnungsvereinbarungeinstellungen"
"Enabled","Aktiviert"
"Will appear as a payment option only for customers who have at least one active billing agreement.","Wird nur dann als Zahlungsoption angezeigt, wenn der Kunde mindestens eine aktive Zahlungsvereinbarung besitzt."
"Allow in Billing Agreement Wizard","Im Abrechnungsvereinbarungs-Wizard erlauben"
"Settlement Report Settings","Abwicklungs-Bericht-Einstellungen"
"SFTP Credentials","SFTP Zugangsdaten"
"Login","Anmelden"
"Password","Passwort"
"Custom Endpoint Hostname or IP-Address","Benutzerdefinierter Endpoint-Hostname oder IP-Adresse"
"By default it is ""reports.paypal.com"".","Standardmäßig ist es ""reports.paypal.com""."
"Use colon to specify port. For example: ""test.example.com:5224"".","Verwenden Sie einen Doppelpunkt, um den Port anzugeben. Zum Beispiel: ""test.example.com:5224""."
"Custom Path","Benutzerdefinierter Pfad"
"Scheduled Fetching","Geplantes Abrufen"
"Enable Automatic Fetching","Automatisches Abrufen aktivieren"
"Schedule","Zeitplan"
"PayPal retains reports for 45 days.","PayPal behält Berichte für 45 Tage."
"Time of Day","Tageszeit"
"Frontend Experience Settings","Frontenderfahrungs-Einstellungen"
"PayPal Product Logo","PayPal Produktlogo"
"Displays on catalog pages and homepage.","Wird auf Katalogseiten und Homepage angezeigt"
"PayPal Merchant Pages Style","PayPal Händler-Seiten-Stil"
"Page Style","Seitenstil"
"Allowable values: ""paypal"", ""primary"" (default), your_custom_value (a custom payment page style from your merchant account profile).","Erlaubte Werte: ""paypal"", ""primary"" (Standard), your_custom_value (eine benutzerdefinierter Zahlungsseitenstil von Ihrem Händler-Konto-Profil)."
"Header Image URL","Header-Bild-URL"
"The image at the top left of the checkout page. Max size is 750x90-pixel. <strong style=""color:red"">https</strong> is highly encouraged.","Das Bild oben links auf der Bezahlseite. Max. 750px × 90px. <strong style=""color:red"">https</strong> wird dringend empfohlen."
"Header Background Color","Header-Hintergrundfarbe"
"The background color for the header of the checkout page. Case-insensitive six-character HTML hexadecimal color code in ASCII.","Die Hintergrundfarbe des Kopfbereichs der Bezahlseite. 6-stelliger Hex-Farbcode in ASCII Zeichen."
"Header Border Color","Farbe des Header-Rahmens"
"2-pixel perimeter around the header space.","2-Pixel Umfang um den Header."
"Page Background Color","Seiten-Hintergrundfarbe"
"The background color for the checkout page around the header and payment form.","Die Hintergrundfarbe für die Checkout Seite rund um den Kopfbreich und das Zahlungsformular."
"Payments Advanced","Payments Advanced"
"Accept payments with a PCI-compliant checkout that keeps customers on your site. (<u>Includes Express Checkout</u>)","Akzeptieren Sie Zahlungen mit einer PCI-konformen Kasse, sodass die Kunden auf Ihrer Website bleiben. (<u>Beinhaltet Express Checkout</u>)"
"Payments Advanced and Express Checkout","Payments Advanced und Express Checkout"
"Partner","Partner"
"Vendor","Verkäufer"
"User","Benutzer"
"PayPal recommends that you set up an additional User on your account at manager.paypal.com","PayPal empfiehlt, dass Sie einen zusätzlichen Benutzer auf Ihrem Konto unter manager.paypal.com einrichten."
"PayPal recommends you set up an additional User on your account at manager.paypal.com, instead of entering your admin username and password here. This will enhance your security and prevent service interruptions if you later change your password. If you do not want to set up an additional User, you can re-enter your Merchant Login here.","PayPal empfiehlt, dass Sie einen zusätzlichen Benutzer auf Ihrem Konto unter manager.paypal.com einrichten, anstatt Ihren Admin-Benutzernamen und -passwort einzugeben. Dies wird Ihre Sicherheit erhöhen und Service-Unterbrechungen verhindern, wenn Sie Ihr Passwort später ändern. Wenn Sie die Einrichtung eines zusätzlichen Benutzers nicht möchten, können Sie wieder mit Ihrem Händler-Login hier einloggen."
"Test Mode","Test Modus"
"Use Proxy","Proxy verwenden"
"<a href=""https://financing.paypal.com/ppfinportal/content/whyUseFinancing"" target=""_blank"">Why Advertise Financing?</a><br/>
                                            <strong>Give your sales a boost when you advertise financing.</strong><br/>PayPal helps turn browsers into buyers with financing
                                            from PayPal Credit&#174;. Your customers have more time to pay, while you get paid up front – at no additional cost to you.
                                            Use PayPal’s free banner ads that let you advertise PayPal Credit&#174; financing as a payment option when your customers check out with PayPal.
                                            The PayPal Advertising Program has been shown to generate additional purchases as well as increase consumer's average purchase sizes by 15%
                                            or more. <a href=""https://financing.paypal.com/ppfinportal/content/forrester"" target=""_blank"">See Details</a>.","
                    <a href=""https://financing.paypal.com/ppfinportal/content/whyUseFinancing"" target=""_blank"">Warum Finanzierung bewerben?</a><br/>
                            <strong>Geben Sie Ihrem Umsatz einen Schub, wenn Sie für Finanzierung werben.</strong><br/>PayPal hilft damit, Betrachter mit Hilfe der PayPal Credit&#174; in
                            Käufer umzuwandeln. Ihre Kunden habe mehr Zeit zu bezahlen und Sie werden sofort bezahlt – ohne Zusatzkosten für Sie.
                            Benutzen Sie PayPals kostenlosen Werbe-Banner um PayPal Credit&#174;  Finanzierung als eine Zahlungsart zu bewerben, wenn Ihre Kunden mit PayPal bezahlen.
                            Das PayPal Werbeprogramm hat eine Erhöhung der Einkäufe sowie auch  eine Erhöhung der durchschnittlichen Kaufmengen um 15 % oder mehr nachgewiesen.
                            <a href=""https://financing.paypal.com/ppfinportal/content/forrester"" target=""_blank"">Details ansehen</a>.
                "
"Basic Settings - PayPal Payments Advanced","Grundeinstellungen - PayPal Payments Advanced"
"It is recommended to set this value to ""Debit or Credit Card"" per store views.","Es wird empfohlen, diesen Wert auf ""Lastschrift oder Kreditkarte"" pro Store View zu setzen."
"CVV Entry is Editable","CVV-Eintrag ist editierbar"
"Require CVV Entry","Erfordert CVV-Eintrag"
"Send Email Confirmation","E-Mail-Bestätigung senden"
"URL method for Cancel URL and Return URL","URL-Methode zum Abbrechen der URL und Rückgabe der URL"
"Payflow Link","Payflow Link"
"Connect your merchant account with a PCI-compliant gateway that lets customers pay without leaving your site. (<u>Includes Express Checkout</u>)","Verbinden Sie Ihr Händler-Konto mit einem PCI-konformen Gateway, sodass die Kunden zahlen können, ohne Ihre Website zu verlassen.. (<u>Beinhaltet Express Checkout</u>)"
"Payflow Link and Express Checkout","Payflow Link und Express Checkout"
"If you do not have multiple users set up on your account, please re-enter your Vendor/Merchant Login here.","Wenn Sie nicht mehrere Benutzer auf Ihrem Konto eingerichtet haben, bitte Ihren Lieferanten/Händler erneut eingeben. Hier anmelden."
"Enable Payflow Link","Payflow Link aktivieren"
"Enable Express Checkout","Express Checkout aktivieren"
"Basic Settings - PayPal Payflow Link","Grundeinstellungen - PayPal Payflow Link"
"Website Payments Pro Hosted Solution","Websitezahlungen Pro-Hosting-Lösung"
"Accept payments with a PCI compliant checkout that keeps customers on your site. (<u>Includes Express Checkout</u>)","Akzeptieren Sie Zahlungen mit einer PCI-konformen Kasse, sodass die Kunden auf Ihrer Website bleiben. (<u>Beinhaltet Express Checkout</u>)"
"Payments Pro Hosted Solution","Zahlungen Pro-Hosting-Lösung"
"<a href=""https:/financing.paypal.com/ppfinportal/content/whyUseFinancing"" target=""_blank"">Why Advertise Financing?</a><br/>
                            <strong>Give your sales a boost when you advertise financing.</strong><br/>PayPal helps turn browsers into buyers with financing
                            from PayPal Credit&#174;. Your customers have more time to pay, while you get paid up front – at no additional cost to you.
                            Use PayPal’s free banner ads that let you advertise PayPal Credit&#174; financing as a payment option when your customers check out with PayPal.
                            The PayPal Advertising Program has been shown to generate additional purchases as well as increase consumer's average purchase sizes by 15%
                            or more. <a href=""https:/financing.paypal.com/ppfinportal/content/forrester"" target=""_blank"">See Details</a>.","
                    <a href=""https://financing.paypal.com/ppfinportal/content/whyUseFinancing"" target=""_blank"">Warum Finanzierung bewerben?</a><br/>
                            <strong>Geben Sie Ihrem Umsatz einen Schub, wenn Sie für Finanzierung werben.</strong><br/>PayPal hilft damit, Betrachter mit Hilfe der PayPal Credit&#174; in
                            Käufer umzuwandeln. Ihre Kunden habe mehr Zeit zu bezahlen und Sie werden sofort bezahlt – ohne Zusatzkosten für Sie.
                            Benutzen Sie PayPals kostenlosen Werbe-Banner um PayPal Credit&#174;  Finanzierung als eine Zahlungsart zu bewerben, wenn Ihre Kunden mit PayPal bezahlen.
                            Das PayPal Werbeprogramm hat eine Erhöhung der Einkäufe sowie auch  eine Erhöhung der durchschnittlichen Kaufmengen um 15 % oder mehr nachgewiesen.
                            <a href=""https://financing.paypal.com/ppfinportal/content/forrester"" target=""_blank"">Details ansehen</a>.
                "
"Basic Settings - PayPal Payments Pro Hosted Solution","Grundeinstellungen - PayPal Zahlungen Pro-Hosting-Lösung"
"Display Express Checkout in the Payment Information step","Express Checkout im Zahlungsinformations-Schritt anzeigen"
"Website Payments Pro Hosted Solution and Express Checkout","Websitezahlungen Pro-Hosting-Lösung und Express Checkout"
"Basic Settings - PayPal Website Payments Pro Hosted Solution","Grundeinstellungen - PayPal-Websitezahlungen Pro-Hosting-Lösung"
"Payflow Pro","Payflow Pro"
"Connect your merchant account with a fully customizable gateway that lets customers pay without leaving your site. (<u>Includes Express Checkout</u>)","Verbinden Sie Ihr Händler-Konto mit einem voll anpassbaren Gateway, um die Kunden zahlen lassen zu können, ohne Ihre Website zu verlassen. (<u>Beinhaltet Express Checkout</u>)"
"Vault Enabled","Tresor aktiviert"
"Basic Settings - PayPal Payflow Pro","Grundeinstellungen- PayPal Payflow Pro"
"Vault Title","Tresor-Titel"
"Credit Card Settings","Kreditkarteneinstellungen"
"Allowed Credit Card Types","Pflichtangabe der Rechnungsadresse des Kunden"
"Supporting of American Express cards require additional agreement. Learn more at <a href=""http://www.paypal.com/amexupdate"">http://www.paypal.com/amexupdate</a>.","Die Unterstützung von American Express Karten erfordert einen Ergänzungsvertrag. Erfahren Sie mehr bei <a href=""http://www.paypal.com/amexupdate"">http://www.paypal.com/amexupdate</a>."
"CVV and AVS Settings","CVV- und AVS-Einstellungen"
"Reject Transaction if:","Transaktion ablehnen wenn:"
"AVS Street Does Not Match","AVS-Straße entspricht nicht"
"AVS Zip Does Not Match","AVS-PLZ stimmt nicht überein"
"Card Issuer Is Outside The United States","Kartenbesitzer ist außerhalb der Vereinigten Staaten"
"Card Security Code Does Not Match","Karten-Sicherheits-Code stimmt nicht überein"
"Payflow Pro and Express Checkout","Payflow Pro und Express Checkout"
"<a href=""https:/financing.paypal.com/ppfinportal/content/whyUseFinancing"" target=""_blank"">Why Advertise Financing?</a><br/>
                                <strong>Give your sales a boost when you advertise financing.</strong><br/>PayPal helps turn browsers into buyers with financing
                                from PayPal Credit&#174;. Your customers have more time to pay, while you get paid up front – at no additional cost to you.
                                Use PayPal’s free banner ads that let you advertise PayPal Credit&#174; financing as a payment option when your customers check out with PayPal.
                                The PayPal Advertising Program has been shown to generate additional purchases as well as increase consumer's average purchase sizes by 15%
                                or more. <a href=""https:/financing.paypal.com/ppfinportal/content/forrester"" target=""_blank"">See Details</a>.","
                    <a href=""https://financing.paypal.com/ppfinportal/content/whyUseFinancing"" target=""_blank"">Warum Finanzierung bewerben?</a><br/>
                            <strong>Geben Sie Ihrem Umsatz einen Schub, wenn Sie für Finanzierung werben.</strong><br/>PayPal hilft damit, Betrachter mit Hilfe der PayPal Credit&#174; in
                            Käufer umzuwandeln. Ihre Kunden habe mehr Zeit zu bezahlen und Sie werden sofort bezahlt – ohne Zusatzkosten für Sie.
                            Benutzen Sie PayPals kostenlosen Werbe-Banner um PayPal Credit&#174;  Finanzierung als eine Zahlungsart zu bewerben, wenn Ihre Kunden mit PayPal bezahlen.
                            Das PayPal Werbeprogramm hat eine Erhöhung der Einkäufe sowie auch  eine Erhöhung der durchschnittlichen Kaufmengen um 15 % oder mehr nachgewiesen.
                            <a href=""https://financing.paypal.com/ppfinportal/content/forrester"" target=""_blank"">Details ansehen</a>.
                "
"We can't contact the PayPal gateway.","Wir konnten die PayPal-Gateway nicht kontaktieren."
"The ordering amount of %1 is pending approval on the payment gateway.","Der Bestellmenge %1 ist vorbehaltlich der Zustimmung auf dem Zahlungs-Gateway."
"Ordered amount of %1","Bestellte Menge von %1"
"Matched whole nine-didgit ZIP (no Address)","Nur übereinstimmende ganze neunstellige PLZ (keine Adresse)"
"Yes. Matched Address and five-didgit ZIP","Ja. Übereinstimmende Adresse und fünfstellige PLZ"
"Invalid method %1::%2(%3)","Ungültige Methode %1::%2(%3)"
"To use PayPal Payments Advanced, you must configure  your PayPal Payments Advanced account on the PayPal website.","Um erweiterte PayPal-Zahlungen verwenden zu können, müssen Sie Ihr erweitertes PayPal-Zahlungen-Konto auf der PayPal-Website konfigurieren."
"PayPal Payment Gateways","PayPal-Payment-Gateways"
"1","1"
"PayPal Payment Solutions","PayPal Payment Solutions"
"Email Associated with PayPal Merchant Account","Einem PayPal-Händler-Konto zugeordnete E-Mail"
"Sandbox Credentials","Sandkasten Anmeldeinformationen"
"It is recommended to set this value to ""Magento_Paypal"" per store views.","Es wird empfohlen, diesen Wert je Store View auf ""Magento_Paypal"" zu setzen."
"Payments Advanced (Includes Express Checkout)","Payments Advanced (eingeschlossen Express Checkout)"
"Accept payments with a PCI-compliant checkout that keeps customers on your site.","Akzeptieren Sie Zahlungen mit einem PCI-konformen Zahlungsvorgang, der Ihre Kunden auf Ihrer Seite hält."
"Payflow Link (Includes Express Checkout)","Payflow Link (Enthält Express Checkout)"
"Connect your merchant account with a PCI-compliant gateway that lets customers pay without leaving your site.","Verbinden Sie Ihr Händler-Konto mit einem PCI-konformen Gateway, sodass die Kunden zahlen können, ohne Ihre Website zu verlassen."
"Accept payments with a PCI compliant checkout that keeps customers on your site.","Akzeptieren Sie Zahlungen mit einem PCI-konformen Zahlungsvorgang, der Ihre Kunden auf Ihrer Seite hält."
"Connect your merchant account with a fully customizable gateway that lets customers pay without leaving your site.","Verbinden Sie Ihr Händler-Konto mit einem voll anpassbaren Gateway, um die Kunden zahlen lassen zu können, ohne Ihre Website zu verlassen."
"International AVS Indicator Does Not Match","Internationaler AVS-Indikator stimmt nicht"
"Payflow Pro (Includes Express Checkout)","Payflow Pro (eingeschlossen Express Checkout)"
"Save for later use.","Für die spätere Verwendung speichern."
"Payments Standard","Payments Standard"
"Accept credit card and PayPal payments securely.","Akzeptieren Sie Kreditkarten und PayPal-Zahlungen sicher."
"Basic Settings - PayPal Website Payments Standard","Grundeinstellungen - PayPal Website Payments Standard"
"Website Payments Standard","Website Payments Standard"
"The order wasn't placed. First, agree to the terms and conditions, then try placing your order again.","Die Bestellung wurde nicht aufgenommen. Bitte stimmen Sie zuerst den Allgemeinen Geschäftsbedingungen zu, bevor Sie die Bestellung erneut aufgeben."
"The payment couldn't be processed at this time. Please try again later.","Ihre Zahlungsanfrage konnte zu diesem Zeitpunkt nicht bearbeitet werden. Bitte versuchen Sie es später noch einmal."
"The verification transaction can't be voided. ","Die Verifizierungs-Transaktion kann nicht gelöscht werden. "
"PayPal Express Checkout lets you give customers access to financing through PayPal Credit&#174; - at no additional cost to you.
                        You get paid up front, even though customers have more time to pay. A pre-integrated payment button lets customers pay quickly with PayPal Credit&#174;.
                        <a href=""https://www.paypal.com/webapps/mpp/promotional-financing"" target=""_blank"">Learn More</a>","PayPal Express Checkout ermöglicht es Kunden, über PayPal Credit&#174; zu finanzieren - ohne zusätzliche Kosten für Sie.
                        Sie werden vorab bezahlt, obwohl Kunden mehr Zeit haben zu bezahlen. Eine vorintegrierte Zahlungsbutton ermöglicht es Kunden, schnell mit PayPal-Guthaben&#174;zu bezahlen.
                        <a href=""https://www.paypal.com/webapps/mpp/promotional-financing"" target=""_blank"">Mehr erfahren</a>"
"<a href=""https://financing.paypal.com/ppfinportal/content/whyUseFinancing"" target=""_blank"">Why Advertise Financing?</a><br/>
                        <strong>Give your sales a boost when you advertise financing.</strong><br/>PayPal helps turn browsers into buyers with financing
                        from PayPal Credit&#174;. Your customers have more time to pay, while you get paid up front – at no additional cost to you.
                        Use PayPal’s free banner ads that let you advertise PayPal Credit&#174; financing as a payment option when your customers check out with PayPal.
                        The PayPal Advertising Program has been shown to generate additional purchases as well as increase consumer's average purchase sizes by 15%
                        or more. <a href=""https://financing.paypal.com/ppfinportal/content/forrester"" target=""_blank"">See Details</a>.","                    <a href=""https://financing.paypal.com/ppfinportal/content/whyUseFinancing"" target=""_blank"">Warum Finanzierung bewerben?</a><br/>
                            <strong>Geben Sie Ihrem Umsatz einen Schub, wenn Sie für Finanzierung werben.</strong><br/>PayPal hilft damit, Betrachter mit Hilfe der PayPal Credit&#174; in
                            Käufer umzuwandeln. Ihre Kunden habe mehr Zeit zu bezahlen und Sie werden sofort bezahlt – ohne Zusatzkosten für Sie.
                            Benutzen Sie PayPals kostenlosen Werbe-Banner um PayPal Credit&#174;  Finanzierung als eine Zahlungsart zu bewerben, wenn Ihre Kunden mit PayPal bezahlen.
                            Das PayPal Werbeprogramm hat eine Erhöhung der Einkäufe sowie auch  eine Erhöhung der durchschnittlichen Kaufmengen um 15 % oder mehr nachgewiesen.
                            <a href=""https://financing.paypal.com/ppfinportal/content/forrester"" target=""_blank"">Details ansehen</a>.
                "
"<a href=""https://financing.paypal.com/ppfinportal/content/whyUseFinancing"" target=""_blank"">Why Advertise Financing?</a><br/>
                            <strong>Give your sales a boost when you advertise financing.</strong><br/>PayPal helps turn browsers into buyers with financing
                            from PayPal Credit&#174;. Your customers have more time to pay, while you get paid up front – at no additional cost to you.
                            Use PayPal’s free banner ads that let you advertise PayPal Credit&#174; financing as a payment option when your customers check out with PayPal.
                            The PayPal Advertising Program has been shown to generate additional purchases as well as increase consumer's average purchase sizes by 15%
                            or more. <a href=""https://financing.paypal.com/ppfinportal/content/forrester"" target=""_blank"">See Details</a>.","<a href=""https://financing.paypal.com/ppfinportal/content/whyUseFinancing"" target=""_blank"">Warum Finanzierung bewerben?</a><br/>
                            <strong>Geben Sie Ihrem Umsatz einen Schub, wenn Sie für Finanzierung werben.</strong><br/>PayPal hilft damit, Betrachter mit Hilfe der PayPal Credit&#174; in
                            Käufer umzuwandeln. Ihre Kunden habe mehr Zeit zu bezahlen und Sie werden sofort bezahlt – ohne Zusatzkosten für Sie.
                            Benutzen Sie PayPals kostenlosen Werbe-Banner um PayPal Credit&#174;  Finanzierung als eine Zahlungsart zu bewerben, wenn Ihre Kunden mit PayPal bezahlen.
                            Das PayPal Werbeprogramm hat eine Erhöhung der Einkäufe sowie auch  eine Erhöhung der durchschnittlichen Kaufmengen um 15 % oder mehr nachgewiesen.
                            <a href=""https://financing.paypal.com/ppfinportal/content/forrester"" target=""_blank"">Details ansehen</a>."
"<a href=""https://financing.paypal.com/ppfinportal/content/whyUseFinancing"" target=""_blank"">Why Advertise Financing?</a><br/>
                                <strong>Give your sales a boost when you advertise financing.</strong><br/>PayPal helps turn browsers into buyers with financing
                                from PayPal Credit&#174;. Your customers have more time to pay, while you get paid up front – at no additional cost to you.
                                Use PayPal’s free banner ads that let you advertise PayPal Credit&#174; financing as a payment option when your customers check out with PayPal.
                                The PayPal Advertising Program has been shown to generate additional purchases as well as increase consumer's average purchase sizes by 15%
                                or more. <a href=""https://financing.paypal.com/ppfinportal/content/forrester"" target=""_blank"">See Details</a>.","<a href=""https://financing.paypal.com/ppfinportal/content/whyUseFinancing"" target=""_blank"">Warum Finanzierung bewerben?</a><br/>
                            <strong>Geben Sie Ihrem Umsatz einen Schub, wenn Sie für Finanzierung werben.</strong><br/>PayPal hilft damit, Betrachter mit Hilfe der PayPal Credit&#174; in
                            Käufer umzuwandeln. Ihre Kunden habe mehr Zeit zu bezahlen und Sie werden sofort bezahlt – ohne Zusatzkosten für Sie.
                            Benutzen Sie PayPals kostenlosen Werbe-Banner um PayPal Credit&#174;  Finanzierung als eine Zahlungsart zu bewerben, wenn Ihre Kunden mit PayPal bezahlen.
                            Das PayPal Werbeprogramm hat eine Erhöhung der Einkäufe sowie auch  eine Erhöhung der durchschnittlichen Kaufmengen um 15 % oder mehr nachgewiesen.
                            <a href=""https://financing.paypal.com/ppfinportal/content/forrester"" target=""_blank"">Details ansehen</a>."
"Vault enabled","Tresor aktiviert"
"Gold","Gold"
"Blue","Blau"
"Silver","Silber"
"Black","Schwarz"
"Vertical","Vertikal"
"Horizontal","Horizontal"
"Pill","Pille"
"Rectangle","Rechteck"
"Medium","Mittel"
"Large","Groß"
"Responsive","Bearbeiter(in)"
"Checkout","Kasse"
"Pay","Bezahlen"
"Buy Now","Jetzt kaufen"
"PayPal","PayPal"
"Installment","Installation"
"PayPal Credit","PayPal-Guthaben"
"PayPal Guest Checkout Credit Card Icons","PayPal Gast Checkout Kreditkarten Icons"
"Elektronisches Lastschriftverfahren - German ELV","Elektronisches Lastschriftverfahren - Deutsche ELV"
"Something went wrong with your request. Please try again later.","Mit Ihrer Anfrage ist etwas schief gelaufen. Bitte versuchen Sie es später erneut."
"Customize Smart Buttons","Smart Buttons anpassen"
"Checkout Page","Checkout-Seite"
"Customize Button","Button anpassen"
"Label","Bezeichnung"
"The installment feature is available only in these locales: en_MX, es_MX, en_BR, pt_BR.","Die Installationsfunktion ist nur in diesen Locales verfügbar: de_MX, es_MX, en_BR, pt_BR."
"Mexico Installment Period","Mexiko-Installationszeitraum"
"Brazil Installment Period","Brasiliens Installationszeitraum"
"Layout","Layout"
"Select Responsive to ensure the PayPal button renders correctly on mobile devices.","Wählen Sie Responsive, um sicherzustellen, dass die PayPal-Taste korrekt auf mobilen Geräten Rendern."
"Shape","Form"
"Color","Farbe"
"Product Pages","Produkt-Seiten"
"Cart Page","Warenkorbseite"
"Mini Cart","Miniwarenkorb"
"Features","Funktionen"
"Disable Funding Options","Finanzierungsoptionen deaktivieren"
"PayPal will automatically display each enabled funding option to eligible buyers.
                                For example, PayPal Credit is only shown to buyers in countries where PayPal Credit is
                                offered and the currency offered by the merchant is USD.","PayPal wird automatisch jede Option für die Finanzierung für Käufer anzeigen.
                                Zum Beispiel wird PayPal-Guthaben nur an Käufer in Ländern angezeigt, in denen PayPal-Guthaben
                                angeboten wird und die vom Händler angebotene Währung USD ist."
