"Root","根"
"Delete","删除"
"Save","保存"
"Use Config Settings","使用配置设置"
"Use All Available Attributes","使用所有可用的属性"
"ID","编号ID"
"Name","名字"
"SKU","商品编号SKU"
"Visibility","可见性"
"Status","状态"
"Price","价格"
"Position","位置"
"Add Subcategory","添加子类别"
"Add Root Category","添加根类别"
"Day","天"
"Month","月"
"Year","年 "
"<label class=""label""><span>from</span></label>","<label class=""label""> <span>从</span></label>"
"<label class=""label""><span>to</span></label>","<label class=""label""> <span>到</span></label>"
"[GLOBAL]","[全局]"
"[WEBSITE]","[网站]"
"[STORE VIEW]","[店铺视图]"
"WYSIWYG Editor","所见即所得编辑器"
"Add Product","添加产品"
"label","标签"
"Product Attributes","产品属性"
"Add New Attribute","该属性不存在"
"Cancel","取消"
"Save Attribute","保存属性"
"Save in New Attribute Set","将保存在新的属性集"
"Enter Name for New Attribute Set","输入新的属性集的名称"
"Save and Continue Edit","保存并继续编辑"
"Delete Attribute","删除属性"
"Edit Product Attribute ""%1""","编辑""%1""的产品属性"
"New Product Attribute","新的产品属性"
"Advanced Attribute Properties","高级的属性"
"Attribute Code","属性代码"
"This is used internally. Make sure you don't use spaces or more than %1 symbols.","这是在内部使用。确保你不要使用空格或超过1%的符号。"
"Default Value","默认值"
"Unique Value","独特价值"
"Unique Value (not shared with other products)","(不能与其他产品共享) 的独特价值"
"Not shared with other products.","不能与其他产品共享。"
"Input Validation for Store Owner","输入商店所有者的验证信息"
"Add to Column Options","添加到列选项"
"Select ""Yes"" to add this attribute to the list of column options in the product grid.","选择""是""，将此属性添加到产品网格中的列选项的列表。"
"Use in Filter Options","使用筛选器选项"
"Select ""Yes"" to add this attribute to the list of filter options in the product grid.","选择""是""，将此属性添加到列表中的筛选器选项产品网格中。"
"Store View","商店界面"
"Website","网站"
"Global","全球"
"Scope","范围"
"Declare attribute value saving scope.","声明属性值保存范围。"
"Storefront Properties","前台属性"
"Use in Search","在搜索中的使用"
"Visible in Advanced Search","可见在高级搜索中"
"Comparable on Storefront","在前端可比"
"Use for Promo Rule Conditions","促销规则的情况下使用"
"Enable WYSIWYG","使所见即所得"
"Allow HTML Tags on Storefront","在前端允许 HTML 标签"
"Visible on Catalog Pages on Storefront","在前端目录页显示可见"
"Used in Product Listing","在产品列表中使用"
"Depends on design theme.","取决于设计主题。"
"Used for Sorting in Product Listing","用于排序的产品列表"
"Media Image","媒体图像"
"Gallery","图库"
"System Properties","系统属性"
"No","否"
"Yes","是"
"Data Type for Saving in Database","在数据库中保存的数据类型"
"Text","文字"
"Varchar","Varchar"
"Static","静态"
"Datetime","日期时间"
"Decimal","十进制"
"Integer","整数"
"Globally Editable","全球可编辑"
"Attribute Information","属性信息"
"Properties","属性"
"Manage Labels","管理标签"
"Visible","可比较"
"Web Site","网站"
"Searchable","可搜索"
"Comparable","可比性"
"Delete Selected Group","删除所选组"
"Add New","新增"
"Back","返回"
"Reset","重置"
"You are about to delete all products in this attribute set. Are you sure you want to do that?","您将要删除此属性集合中的所有产品。你确定你想要这样做?"
"New Set Name","新集的名称"
"Edit Attribute Set '%1'","编辑属性集 '%1'"
"Empty","产品 %1"
"Add Attribute","-- 请选择 --"
"Add New Group","添加新组"
"Add Group","添加组"
"Edit Attribute Set Name","编辑属性集的名称"
"For internal use","供内部使用"
"Based On","请确认网站切换。尚未保存的所有数据将丢失"
"Add New Attribute Set","添加新的属性集"
"Add Attribute Set","添加属性集"
"Attribute Sets","属性集"
"Close Window","关闭窗口"
"New Product","新产品"
"Save & Edit","保存并编辑该产品"
"Save & New","保存并新建产品"
"Save & Duplicate","保存并复制该产品"
"Save & Close","保存并关闭该产品"
"Attributes","属性管理"
"Change","更改"
"Advanced Inventory","高级库存"
"Websites","网站"
"Products Information","产品信息"
"Create Category","创建类别"
"Category Name","类别名称"
"Parent Category","父类别"
"If there are no custom parent categories, please use the default parent category. You can reassign the category at any time in <a href=""%1"" target=""_blank"">Products > Categories</a>.","如果没有自定义父类别，请使用默认的父类别。您可以在任何时候在<a href=""%1""target=""_blank""> 产品 > 类别</a>重新分配类别。"
"Price Alert Subscriptions","价格警报订阅"
"Stock Alert Subscriptions","股票的警报订阅"
"There are no customers for this alert.","没有客户此警报。"
"First Name","名"
"Last Name","姓"
"Email","邮箱"
"Subscribe Date","订阅日期"
"Last Notified","最后通知"
"Send Count","发送计数"
"New Attribute","新的属性"
"Type","类型"
"Attribute Set","属性集"
"Add New Option","添加新选项"
"Import Options","导入选项"
"Use Default","使用默认"
"Import","导入"
"Add New Row","添加新行"
"Delete Row","删除行"
"Tier Pricing","层级价格"
"Default Price","默认价格"
"All Websites","所有网站"
"ALL GROUPS","所有分组"
"Add Price","添加价格"
"Default Values","默认值"
"Related Products","超售"
"Up-sells","优先推荐销售"
"Cross-sells","购物车推荐销售"
"Size for %1","大小为 %1 的"
"Watermark File for %1","%1 的水印文件"
"Position of Watermark for %1","%1 的水印的位置"
"Name in %1","在 %1 的名字"
"Quantity","数量"
"Edit","编辑"
"Are you sure?","您确定吗？"
"Change Status","更改状态"
"Update Attributes","更新属性"
"start typing to search category","开始键入搜索类别"
"New Category","新的类别"
"Images (.gif, .jpg, .png)","图像 （.gif、.jpg、.png）"
"Add New Images","添加新的图像"
"Inc. Tax","公司税"
"Does this have a weight?","这有一个重量?"
"Product","产品"
"Notify Low Stock RSS","低库存RSS通知"
"Low Stock Products","低库存产品"
"%1 has reached a quantity of %2.","%1 已经到达 %2 的一个数量。"
"Home","首页"
"Go to Home Page","前往主页"
"Subscribe to RSS Feed","订阅 Rss"
"Products Comparison List","产品比较列表"
"N/A","N/A"
"AM","上午"
"PM","下午"
"-- Please Select --","-- 请选择 --"
"None","无"
"New Products from %1","%1 的新产品"
"New Products","新产品"
"%1 - Special Products","%1-特殊产品"
"Click for price","单击获取价格"
"Special Expires On: %1","特别到期日期: %1"
"Price: %1","价格: %1"
"Special Price: %1","特价: %1"
"Special Products","特殊产品"
"Manage Catalog Categories","管理目录类别"
"Manage Categories","管理类别"
"You deleted the category.","您删除该类别。"
"Something went wrong while trying to delete the category.","在试图删除该类别时出了错。"
"Categories","分类"
"Category is not available for requested store.","无法为所要求的商店提供类别。"
"There was a category move error.","出现了一个类别移动错误。"
"You moved the category.","你保存的类别。"
"Attribute ""%1"" is required.","""%1""属性是必需的。"
"You saved the category.","你保存的类别。"
"Something went wrong while saving the category.","保存该类别时出现错误。"
"Please select products for attributes update.","请选择产品更新属性。"
"Please make sure to define SKU values for all processed products.","请务必定义所有加工产品的 SKU 值。"
"A total of %1 record(s) were updated.","更新记录 %1"
"Something went wrong while updating the product(s) attributes.","在更新的产品属性时出现错误。"
"Unable to add attribute","无法添加属性"
"Please, specify attributes","请指定属性"
"Catalog","目录"
"Manage Product Attributes","管理产品属性"
"We can't delete the attribute.","我们不能删除该属性。"
"You deleted the product attribute.","你删除的产品属性。"
"We can't find an attribute to delete.","我们找不到要删除的属性。"
"This attribute no longer exists.","该属性不再存在。"
"This attribute cannot be edited.","不能编辑此属性。"
"Edit Product Attribute","编辑产品属性"
"An attribute set named '%1' already exists.","属性集，名为""%1""已经存在。"
"Something went wrong while saving the attribute.","在保存属性时出现了问题。"
"Attribute code ""%1"" is invalid. Please use only letters (a-z), numbers (0-9) or underscore(_) in this field, first character should be a letter.","属性代码""%1""不合法。该字段只能使用字母 (a-z)，数字 (0-9) 或下划线(_)，第一个字符应该是字母。"
"We can't update the attribute.","我们不能更新的属性。"
"You saved the product attribute.","你保存的产品属性。"
"An attribute with this code already exists.","这段代码的属性已经存在。"
"An attribute with the same code (%1) already exists.","已经存在具有相同的代码 (%1) 的属性。"
"The value of Admin must be unique.","管理员的值必须是唯一的。"
"The value of Admin scope can't be empty.","管理范围的值不能为空。"
"You duplicated the product.","你复制的产品。"
"This product doesn't exist.","此产品不存在。"
"Invalid product id. Should be numeric value greater than 0","无效的产品 id。应为大于0的数值"
"Products","产品展示"
"A group with the same name already exists.","具有相同名称的组已存在。"
"Something went wrong while saving this group.","保存该组时出现问题。"
"A total of %1 record(s) have been deleted.","已经删除 %1的记录"
"A total of %1 record(s) have been updated.","已经更新 %1的记录"
"Something went wrong while updating the product(s) status.","更新产品状态时出现错误。"
"Unable to save product","无法保存产品"
"You saved the product.","你保存的产品。"
"SKU for product %1 has been changed to %2.","为产品 %1 SKU 已改为 %2。"
"The image cannot be removed as it has been assigned to the other image role","图像不能删除，因为它已被分配给其他图像作用"
"New Attribute Set","新的属性集"
"The attribute set has been removed.","已删除的属性集。"
"We can't delete this set right now.","我们现在不能删除这一套。"
"New Set","新集"
"Manage Product Sets","管理产品集"
"Manage Attribute Sets","管理属性集"
"This attribute set no longer exists.","此属性设置不再存在。"
"You saved the attribute set.","你保存的属性集。"
"Something went wrong while saving the attribute set.","在保存属性时出现了问题。"
"You added product %1 to the comparison list.","你添加产品 %1 到比较列表中。"
"You cleared the comparison list.","你清除了比较列表。"
"Something went wrong  clearing the comparison list.","清除比较列表出错。"
"You removed product %1 from the comparison list.","您从比较列表中删除产品 %1。"
"1 item","产品 %1"
"%1 items","%1 项目"
"Are you sure you want to remove this item from your Compare Products list?","你确定你想要从你比较产品列表中删除此项目？"
"Are you sure you want to remove all items from your Compare Products list?","您确定要从比较产品列表中删除所有项目吗？"
"Invalid attribute %1","无效属性 %1"
"Grid","%1及以上"
"List","列表"
"All","全部"
"Bad controller interface for showing product","坏的控制器接口，用于显示产品"
"Product is not loaded","产品未加载"
"Make sure the To Date is later than or the same as the From Date.","确定日期晚于日期或与日期相同。"
"Sorry, but we can't find the new parent category you selected.","抱歉，但我们找不到您选择的新的父类别。"
"Sorry, but we can't find the new category you selected.","抱歉，但我们找不到您选择的新类别。"
"We can't move the category because the parent category name matches the child category name.","我们无法移动的类别，因为父类别名称匹配的子类别名称。"
"Something went wrong while getting the image url.","获取图像的URL时出错。"
"Can't delete root category.","不能删除根类别。"
"The value of attribute ""%1"" must be unique.","""%1""属性的值必须是唯一的。"
"Default Product Listing Sort by does not exist in Available Product Listing Sort By.","默认的产品列表排序并不存在于可用的产品清单排序中。"
"No layout updates","没有布局更新"
"Products only","仅产品"
"Static block only","只有静态模块"
"Static block and products","静态模块和产品"
"Please select a static block.","请选择静态模块。"
"frontend_label","前端标签"
"Could not save product ""%1"" with position %2 to category %3","无法保存产品""%1""与位置到类别 %3 %2"
"Category does not contain specified product","类别不包含指定的产品"
"Could not save product ""%product"" with position %position to category %category","无法保存产品""%product""与位置到类别 %category %position"
"Operation do not allow to move a parent category to any of children category","操作不允许将父类别移动到任何子类别
"
"Could not move category","不能移动类别"
"Could not save category: %1","不能保存类别: %1"
"Cannot delete category with id %1","不能删除类别与 id %1"
"-- Please Select a Category --","— — 请选择一个类别 — —"
"Grid Only","仅限于网格"
"List Only","只有列表"
"Grid (default) / List","网格 (默认值) / 列表"
"List (default) / Grid","列表 (默认值) / 网格"
"Automatic (equalize price ranges)","自动 (均衡价格范围)"
"Automatic (equalize product counts)","自动 (均衡产品计数)"
"Manual","手动"
"Fixed","百分之"
"Percent","%"
"Discount","折扣"
"-- Please select --","-- 请选择 --"
"Product Thumbnail Itself","产品缩略图本身"
"Parent Product Thumbnail","父级产品缩略图"
"12h AM/PM","12h 上午/下午"
"24h","24小时"
"Stretch","拉伸"
"Tile","平铺"
"Top/Left","上方/左方"
"Top/Right","上, / 右"
"Bottom/Left","下, / 左"
"Bottom/Right","下方/右方"
"Center","居中"
"%1 doesn't extends \Magento\Framework\Model\AbstractModel","%1 并不延伸 \Magento\Framework\Model\AbstractModel"
"Something went wrong while saving the file(s).","在保存文件(s)时出现了问题"
"File can not be saved to the destination folder.","文件不能保存到目标文件夹。"
"Unknown EAV indexer type ""%1"".","未知的 EAV 索引器类型""%1""。"
"We can't rebuild the index for an undefined product.","我们不能重建索引未定义的产品。"
"Bad value was supplied.","提供的值不正确。"
"The Flat Catalog module has a limit of %2$d filterable and/or sortable attributes.Currently there are %1$d of them.Please reduce the number of filterable/sortable attributes in order to use this module","平面目录模块的 %2$d 过滤和/或可排序属性的限制。目前有 %1$d 人。请减少可筛选排序属性以使用此模块"
"Unsupported product type ""%1"".","不受支持的产品类型""%1""。"
"Please correct the category.","请更正该类别。"
"Must be category model instance or its id.","必须是类别模型实例或其 id。"
"The attribute model is not defined.","未定义的属性模型。"
"Category","类别"
"%1 - %2","1%-%2"
"%1 was not found in algorithms","算法中找不到 %1"
"%1 doesn't extend \Magento\Catalog\Model\Layer\Filter\Dynamic\AlgorithmInterface","%1 不延长 \Magento\Catalog\Model\Layer\Filter\Dynamic\AlgorithmInterface"
"%1 doesn't extends \Magento\Catalog\Model\Layer\Filter\AbstractFilter","%1 并不延伸 \Magento\Catalog\Model\Layer\Filter\AbstractFilter"
"The filter must be an object. Please set the correct filter.","筛选器必须是一个对象。请设置正确的筛选器。"
"Clear Price","明确价格"
"%1 and above","%1 及以上"
"The filters must be an array.","过滤器必须是一个数组。"
"Product was not registered","产品未注册"
"Store was not registered","店铺未注册"
"Group price must be a number greater than 0.","组价格必须是大于 0 的数字。"
"Media Gallery converter should be an instance of EntryConverterInterface.","媒体剪辑库转换器应该是 EntryConverterInterface 的一个实例。"
"There is no MediaGalleryEntryConverter for given type","没有给定类型的mediagalleryentry转换器"
"Please enter a number 0 or greater in this field.","请在此字段中输入大于或等于 0 的数。"
"The value of attribute ""%1"" must be set","""%1""属性的值必须设置"
"SKU length should be %1 characters maximum.","SKU 长度应该是最多 %1 个字符。"
"Please enter a valid number in this field.","请在此字段中输入一个有效的数字。"
"We found a duplicate website, tier price, customer group and quantity.","我们发现重复的网站、 层价格、 客户组和数量。"
"Percentage value must be a number between 0 and 100.","百分比值必须是 0 到 100 之间的数字。"
"Invalid option id %1","无效的选项 id %1"
"Can not create attribute set based on non product attribute set.","不能创建基于非产品属性集的属性集。"
"Can not create attribute set based on not existing attribute set","不能根据现有的属性集创建属性集"
"Provided Attribute set non product Attribute set.","提供属性设置非产品属性集。"
"Use config","用户配置"
"Enabled","启动"
"Disabled","禁用"
"Attribute Set already exists.","属性集已存在。"
"We couldn't copy file %1. Please delete media with non-existing images and try again.","我们不能复制文件 %1。请删除媒体与非存在的图像，然后重试。"
"The image content is not valid.","图像内容是无效的。"
"Cannot save product.","无法保存产品。"
"Failed to save new media gallery entry.","无法保存新媒体库条目。"
"There is no image with provided ID.","没有图像提供 id。"
"Such product doesn't exist","这种产品并不存在"
"Such image doesn't exist","这种图像并不存在"
"The image does not exist.","不存在的图像。"
"Please correct the image file type.","请纠正图像文件类型。"
"We couldn't move this file: %1.","我们不能移动这个文件: %1。"
"Can't get information about the picture: %1","无法获取 图片%1的信息"
"The image could not be resized: ","无法调整图像大小： "
"Some images could not be resized. See log file for details.","某些图像无法调整大小。详情请查看日志文件。"
"The option type to get group instance is incorrect.","要获取组实例的选项类型不正确。"
"Select type options required values rows.","选择类型选项所需的值的行。"
"ProductSku should be specified","应指定ProductSku"
"Could not remove custom option","无法删除自定义选项"
"Please specify date required option(s).","请指定日期所需选项。"
"Please specify time required option(s).","请指定所需的时间选项。"
"Please specify product's required option(s).","请指定产品必要的选项。"
"The option instance type in options group is incorrect.","选项组中的选项实例类型不正确。"
"The product instance type in options group is incorrect.","选项组中的产品实例类型不正确。"
"The configuration item option instance in options group is incorrect.","在选项组中的配置项目选项实例是不正确的。"
"The configuration item instance in options group is incorrect.","在选项组中的配置项目实例是不正确的。"
"The BuyRequest instance in options group is incorrect.","在选项组中的购买请求实例是不正确的。"
"We can't add the product to the cart because of an option validation issue.","我们不能因为选项验证问题，将产品添加到购物车。"
"%1 doesn't extends \Magento\Catalog\Model\Product\Option\Type\DefaultType","%1 并不延伸 \Magento\Catalog\Model\Product\Option\Type\DefaultType"
"The file options format is not valid.","文件选项格式无效。"
"px.","全部展开"
"The file '%1' for '%2' has an invalid extension.","'%2' '%1' 的文件具有无效的扩展名。"
"The maximum allowed image size for '%1' is %2x%3 px.","允许的最大图像大小为 '%1' %2x%3 px。"
"The file '%1' you uploaded is larger than the %2 megabytes allowed by our server.","'%1' 你上传文件大于我们的服务器所允许的 %2 兆字节。"
"The file '%1' is empty. Please choose another one","'%1' 文件是空的。请选择另一个"
"The file '%1' is invalid. Please choose another one","文件 '%1' 是无效的。请选择另一个"
"File '%1' is not an image.","文件 '%1' 不是图像。"
"Validation failed. Required options were not filled or the file was not uploaded.","验证失败。需要的选项没有填充，或者文件没有上传。"
"The file you uploaded is larger than %1 Megabytes allowed by server","您上传的文件大于服务器允许的% 1兆字节"
"Option required.","所需的选项。"
"The file is empty. Please choose another one","该文件是空的。请选择另一个"
"Some of the selected item options are not currently available.","目前还没有一些选定的项目选项。"
"The text is too long.","文本太长。"
"Invalid attribute %fieldName = %fieldValue.","无效的属性 %fieldName = %fieldValue。"
"Requested store is not found. Row ID: SKU = %SKU, Store ID: %storeId.","找不到请求的存储区。行 ID: SKU = %SKU，存储 ID: %storeId。"
"Invalid attribute Cost = %cost. Row ID: SKU = %SKU, Store ID: %storeId.","无效的属性成本= %成本。行编号：SKU = %的SKU，商店编号：% storeid。"
"Could not save Prices.","不能保存价格。"
"Could not delete Prices","不能删除价格"
"Requested product doesn't exist. Row ID: SKU = %SKU, Store ID: %storeId, Price From: %priceFrom, Price To: %priceTo.","要求的产品不存在。行 ID: SKU = %SKU，存储 ID: %storeId，价格从： %priceFrom，价格为： %priceTo。"
"Requested store is not found. Row ID: SKU = %SKU, Store ID: %storeId, Price From: %priceFrom, Price To: %priceTo.","要求的产品不存在。行 ID: SKU = %SKU，存储 ID: %storeId，价格从： %priceFrom，价格为： %priceTo。"
"Invalid attribute %label = %priceTo. Row ID: SKU = %SKU, Store ID: %storeId, Price From: %priceFrom, Price To: %priceTo.","无效的属性标签价格= % %。行编号：SKU = %的SKU，商店编号：% storeid，价格：价格：价格%，%的价格。 "
"Invalid attribute Price = %price. Row ID: SKU = %SKU, Store ID: %storeId, Price From: %priceFrom, Price To: %priceTo.","无效属性价格= %价格。行编号：SKU = %的SKU，商店编号：% storeid，价格：价格：价格%，%的价格。"
"Could not save Tier Prices","不能保存价格。"
"Could not replace Tier Prices","不能保存价格。"
"Could not delete Tier Prices","不能删除价格"
"Invalid attribute SKU = %SKU. Row ID: SKU = %SKU, Website ID: %websiteId, Customer Group: %customerGroup, Quantity: %qty.","无效的属性= %的SKU SKU。ROW ID：SKU SKU的网站= %，ID为websiteid，集团客户：% customergroup，数量：%的数量。 "
"Invalid attribute Price = %price. Row ID: SKU = %SKU, Website ID: %websiteId, Customer Group: %customerGroup, Quantity: %qty.","无效的属性价格 = %price。行 ID: SKU = %SKU，网站 ID: %websiteid，客户群： %customerGroup，数量： %qty。"
"Invalid attribute Price Type = %priceType. Row ID: SKU = %SKU, Website ID: %websiteId, Customer Group: %customerGroup, Quantity: %qty.","无效的属性价格类型 = %priceType。行 ID: SKU = %SKU，网站 ID: %websiteid，客户群： %customerGroup，数量： %qty。"
"Invalid attribute Quantity = %qty. Row ID: SKU = %SKU, Website ID: %websiteId, Customer Group: %customerGroup, Quantity: %qty.","无效的属性数量 = %qty。行 ID: SKU = %SKU，网站 ID: %websiteid，客户群： %customerGroup，数量： %qty。"
"Invalid attribute Website ID = %websiteId. Row ID: SKU = %SKU, Website ID: %websiteId, Customer Group: %customerGroup, Quantity: %qty.","无效的属性网站 ID = %websiteid。行 ID: SKU = %SKU，网站 ID: %websiteid，客户群： %customerGroup，数量： %qty。"
"We found a duplicate website, tier price, customer group and quantity: Customer Group = %customerGroup, Website ID = %websiteId, Quantity = %qty. Row ID: SKU = %SKU, Website ID: %websiteId, Customer Group: %customerGroup, Quantity: %qty.","我们发现重复的网站、 层价格、 客户组和数量： 客户组 = %customerGroup，网站 ID = %websiteid，数量 = %qty。行 ID: SKU = %SKU，网站 ID: %websiteid，客户群： %customerGroup，数量： %qty。"
"No such entity with Customer Group = %customerGroup. Row ID: SKU = %SKU, Website ID: %websiteId, Customer Group: %customerGroup, Quantity: %qty.","没有这样的实体与客户群= %的客户群体。行编号：SKU = %的SKU，网站ID：% websiteid，客户群：%的客户群体，数量%数量。"
"This product doesn't have tier price","这种产品没有一级价格"
"Product hasn't group price with such data: customerGroupId = '%1', website = %2, qty = %3","产品还没有与此类数据组价格: customerGroupId = '%1'，网站 = %2，数量 = %3"
"Invalid data provided for tier_price","为 tier_price 提供的数据无效"
"Could not save group price","无法保存组价格"
"Please provide valid data","请提供有效的数据"
"Values of following attributes are invalid: %1","下列属性的值是无效的: %1"
"We can't create writeable directory ""%1"".","无法创建可写目录 ""%1""。"
"The file upload failed.","文件上载失败。"
"The product has required options.","该产品具有要求的选项。"
"Something went wrong while processing the request.","在处理请求时出现了问题。"
"%1 doesn't extends \Magento\Catalog\Model\Product\Type\AbstractType","%1 并不延伸 \Magento\Catalog\Model\Product\Type\AbstractType"
"%1 doesn't extends \Magento\Catalog\Model\Product\Type\Price","%1 并不延伸 \Magento\Catalog\Model\Product\Type\Price"
"Not Visible Individually","单独不可见"
"Search","搜索"
"Catalog, Search","目录搜索"
"Something went wrong while removing products from the websites.","在从网站上删除产品时出现了一些问题。"
"Something went wrong while adding products to websites.","在向网站添加产品时出现了一些问题。"
"Group with id ""%1"" does not exist.","Id 为""%1""组不存在。"
"Attribute group that contains system attributes can not be deleted","不能删除包含系统属性的属性组"
"Collection provider is not registered","集合提供程序没有注册"
"Unknown link type: %1","未知的链接类型: %1"
"Provided link type ""%1"" does not exist","提供的链接类型""%1""不存在"
"Invalid data provided for linked products","为链接的产品提供的数据无效"
"Product with SKU '%1' is not linked to product with SKU '%2'","SKU为 '%1'的产品未链接到SKU为 '%2'的产品。"
"Product %1 doesn't have linked %2 as %3","产品% 1没有% 2的% 3"
"Requested product doesn't exist","要求的产品不存在"
"Product with SKU ""%1"" does not exist","产品与 SKU""%1""不存在"
"Invalid product data: %1","无效的产品数据: %1"
"Database connection error","数据库连接错误"
"Database deadlock found when trying to get lock","试图获取锁时发现数据库死锁"
"Database lock wait timeout exceeded","数据库锁等待超时超过"
"Unable to remove product %1","无法删除产品 %1"
"Requested product does not support images.","要求的产品不支持图像。"
"There are not websites for assign to product","不是分配给产品的网站"
"Could not assign product ""%1"" to websites ""%2""","不能分配给网站""%2""的产品""%1"""
"Could not save product ""%1"" with websites %2","无法保存产品""%1""的网站 %2"
"We cannot determine the field name.","我们不能确定字段名称。"
"Attribute '%1' is locked. %2","属性 '%1' 被锁定。%2"
"Do not change the scope. %1","请不要更改范围。%1"
"Processor %1 doesn't implement BaseSelectProcessorInterface","处理器% 1不执行baseselectprocessorinterface"
"A product type is not defined for the indexer.","产品类型未定义为索引器。"
"%1 doesn't extend \Magento\Catalog\Model\ResourceModel\Product\Indexer\Price\DefaultPrice","%1 不延长 \Magento\Catalog\Model\ResourceModel\Product\Indexer\Price\DefaultPrice"
"Product with SKU %1 is not linked to product with SKU %2","产品与 SKU %1 未链接到产品 SKU %2"
"Multiple Select","多选"
"Dropdown","下拉"
"%1 doesn't extend \Magento\Framework\Filter\Template","%1 不延长 \Magento\Framework\Filter\Template"
"As low as","低至"
"test","测试"
"Some text is here.","键入一些文字内容"
"Some exception","有些例外"
"Could not get extension attributes","不能扩展属性"
"message","信息"
"fl","fl"
"Lock wait timeout","锁等待超时"
"123","123"
"Images","图片"
"Select...","选择。。。"
"Advanced Pricing","高级定价"
"Customer Group Price","客户组"
"Customer Group","客户组"
"Special Price From","特殊价格开始于"
"To","至"
"Done","完成"
"Product Alerts","产品警报"
"Alert stock","警报库存"
"Alert Stock","警报库存"
"Alert price","警报价格"
"Alert Price","警报价格"
"Add Selected","添加所选项目"
"Select Attribute","选择属性"
"Create New Attribute","创建新的属性"
"Customizable Options","定制选项"
"Custom options let customers choose the product variations they want.","自定义选项让用户选择他们想要的产品变化。"
"Add Option","添加选项"
"New Option","新的选项"
"Select Product","选择产品"
"Option Title","新选项"
"Add Value","添加值"
"Title","标题"
"Option Type","选项类型"
"Required","必填"
"Price Type","价格类型"
"Max Characters","最大字符数"
"Compatible File Extensions","兼容的文件扩展名"
"Enter separated extensions, like: png, jpg, gif.","输入分隔的扩展名，如：png，jpg，gif。"
"Maximum Image Size","最大图像大小"
"Please leave blank if it is not an image.","如果不是图像，请留空。"
"%1","1%"
"This item has weight","这件物品有重量"
"This item has no weight","这件物品没有重量"
"Set Product as New From","作为新产品开始于"
"Related Products, Up-Sells, and Cross-Sells","相关产品，向上销售和交叉销售"
"Related products are shown to customers in addition to the item the customer is looking at.","客户浏览产品时显示相关产品"
"Add Related Products","添加相关的产品"
"An up-sell item is offered to the customer as a pricier or higher-quality alternative to the product the customer is looking at.","向客户提供一项高级销售项目，作为客户正在查看的产品的价格更高或质量更高的替代产品。"
"Add Up-Sell Products","添加向上销售产品"
"Up-Sell Products","向上销售产品"
"These ""impulse-buy"" products appear next to the shopping cart as cross-sells to the items already in the shopping cart.","这些“冲动购买”产品出现在购物车旁边，与购物车中的商品交叉销售。"
"Add Cross-Sell Products","添加交叉销售产品"
"Cross-Sell Products","交叉销售产品"
"Add Selected Products","添加选择的产品"
"Remove","删除"
"Thumbnail","缩略图"
"Actions","动作"
"Schedule Update From","计划更新的"
"Product in Websites","网站上的产品"
"If your Magento installation has multiple websites, you can edit the scope to use the product on specific sites.","

如果你的Magento安装有多个网站，你可以编辑范围使用产品的特定位置。 "
"name","名称"
"Copy Data from","复制数据来源于"
"If there are no custom parent categories, please use the default parent category. You can reassign the category at any time in <a href=""%1"" target=""_blank"">Products &gt; Categories</a>.","如果没有自定义父类别，请使用默认的父类别。您可以在任何时候在<a href=""%1""target=""_blank""> 产品 &gt; 类别</a>重新分配类别。"
"This operation can take a long time","此操作可能需要很长时间"
"Collapse All","全部折叠"
"Expand All","全部展开"
"Please confirm site switching. All data that hasn't been saved will be lost.","请确认站点切换。尚未保存的所有数据将都会丢失。"
"Use Default Value","使用默认值"
"Manage Titles (Size, Color, etc.)","管理标题 (大小、 颜色等)"
"Manage Options (Values of Your Attribute)","管理选项 (您的属性值)"
"Is Default","为默认值"
"Sort Option","排序选项"
"Groups","群组"
"Double click on a group to rename it.","双击组重命名它。"
"Unassigned Attributes","未分配的属性"
"A name is required.","名称是必需的。"
"This group contains system attributes. Please move system attributes to another group and try again.","此组包含系统属性。请将系统属性移动到另一个组，然后重试。"
"Please select a node.","

请选择一个节点。 "
"Please enter a new group name.","请输入一个新的组名称。"
"An attribute group named ""/name/"" already exists.","属性组名""/name/""已经存在""。"
"Sorry, we're unable to complete this request.","对不起，我们无法完成这个请求。"
"You can't remove attributes from this attribute set.","你不能移除此属性集的属性。"
"Custom Options","自定义选项"
"This is a required option.","这是必需的选项。"
"The field isn't complete.","该字段不是完整的。"
"Compatible file extensions to upload","要上传的兼容的文件扩展名"
"Maximum image width","最大图像宽度"
"Maximum image height","最大图像的高度"
"Maximum number of characters:","最大字符数:"
"start typing to search template","开始键入搜索模板"
"Product online","产品在线"
"Product offline","产品离线"
"Product online status","产品在线状态"
"Manage Stock","数量增加"
"Qty","数量"
"Out-of-Stock Threshold","缺货的阈值"
"Minimum Qty Allowed in Shopping Cart","购物车中允许的最小数量"
"Maximum Qty Allowed in Shopping Cart","购物车中允许的最大数量"
"Qty Uses Decimals","数量使用小数"
"Backorders","延期交货"
"Notify for Quantity Below","数量通知如下"
"Enable Qty Increments","启用数量增量"
"Qty Increments","数量的增量"
"Stock Availability","库存"
"In Stock","有货"
"Out of Stock","缺货"
"Add Product To Websites","向网站中添加产品"
"Remove Product From Websites","从网站中删除产品"
"To hide an item in catalog or search results, set the status to ""Disabled"".","在目录或搜索结果中隐藏项目，将状态设置为“禁用”。"
"We can't save custom-defined options for bundles with dynamic pricing.","我们无法将定制定义的选项保存在动态定价的捆绑包中。"
"Delete Custom Option","删除自定义选项"
"Sort Custom Options","自定义的排序选项"
"Input Type","输入类型"
"%1 <span>x</span> %2 <span>px.</span>","%1 <span>x</span> %2 <span>px。</span>"
"Sort Custom Option","排序的自定义选项"
"Item Price","项目价格"
"Action","操作"
"and above","及以上"
"Delete Tier","删除层"
"Product In Websites","在网站的产品"
"(Copy data from: %1)","(将数据从复制: %1)"
"Browse to find or drag image here","浏览以找到或将图像拖到此处"
"Delete image","删除图像"
"Hidden","从产品页隐藏"
"Alt Text","Alt 文本"
"Role","职能"
"Image Size","图像大小"
"{size}","{尺寸}"
"Image Resolution","图像分辨率"
"{width}^{height} px"," {宽度} ^ {高度}px"
"Hide from Product Page","从产品页面隐藏"
"Allow Multiple Boxes for Shipping","允许分箱物流快递"
"start typing to search attribute","开始键入搜索属性"
"Basic Settings","基本设置"
"Advanced Settings","高级设置"
"Changes have been made to this section that have not been saved.","针对此部分的更改操作尚未保存。"
"This tab contains invalid data. Please resolve this before saving.","此选项卡包含无效数据，请在保存前解决此问题。"
"Mass Actions","批量操作"
"Select All","选择全部"
"Unselect All","取消全选"
"Select Visible","选择可见"
"Unselect Visible","取消选择可见"
"Special Price","特殊价格"
"Regular Price","常规价格"
"Buy %1 for: ","买的 %1:"
"Buy %1 for %2 each and <strong class=""benefit"">save<span class=""percent tier-%3"">&nbsp;%4</span>%</strong>","买 %2 每个 %1 和 <strong class=""benefit""> save<span class=""percent tier-%3"">&nbsp;%4</span>%</strong>"
"Buy %1 for %2 each","购买每个 %2 的 %1"
"Shop By","清除全部"
"Shopping Options","购物的选项"
"Compare Products","比较产品"
"Print This Page","打印此页"
"Remove Product","删除产品"
"Add to Cart","添加到购物车"
"In stock","有货"
"Out of stock","缺货"
"Add to Wish List","添加到收藏夹"
"You have no items to compare.","你没有要比较的项目。"
"Remove This Item","删除该内容"
"Compare","比较"
"Clear All","全部清除"
"Prev","上一页"
"Next","下一页"
"We can't find products matching the selection.","我们找不到匹配选择的产品。"
"Learn More","了解更多"
"Add to Compare","添加并比较"
"We found other products you might like!","我们发现你可能会喜欢其他产品!"
"More Choices:","更多的选择:"
"Check items to add to the cart or","检查物品添加到购物车或"
"select all","全选"
"Items %1-%2 of %3","项目 %1%2 的 %3"
"%1 Item","%1 项目"
"%1 Items","%1 项目"
"Show","显示"
"per page","每页"
"Sort By","按排序"
"Set Ascending Direction","设置提升方向"
"Set Descending Direction","设置降序方向"
"View as","视图"
"More Information","更多信息"
"Loading...","正在加载..."
"* Required Fields","*必要字段"
"Availability","库存"
"Warning message","警告消息"
"Submit","提交"
"We don't recognize or support this file extension type.","我们不承认或支持该文件扩展类型。"
"Configure Product","配置产品"
"OK","确定"
"This value does not follow the specified format (for example, 200x300).","此值不符合指定的格式 (例如，200 x 300)。"
"Select type of option.","选择选项的类型。"
"Please add rows to option.","请将行添加到选项。"
"Please select items.","请选择产品"
"Choose existing category.","选择现有的类别。"
"Image Detail","图像细节"
"Adding...","正在添加..."
"Added","已经添加"
"does not implement Storage Interface","不实现存储接口"
"unselect all","取消全选"
"Inventory","库存"
"Catalog Section","目录区域"
"Small","小"
"Main","主要"
"Custom image","自定义图像"
"Product Fields Auto-Generation","字段自动生成产品"
"Mask for SKU","SKU 的掩码"
"Use {{name}} as Product Name placeholder","使用 {{name}} 作为产品名称的占位符"
"Mask for Meta Title","掩码 Meta 标题"
"Mask for Meta Keywords","Meta 关键字掩码"
"Use {{name}} as Product Name or {{sku}} as Product SKU placeholders","使用 {{name}} 作为产品名称或 {{sku}} 作为产品 SKU 占位符"
"Mask for Meta Description","Meta 描述掩码"
"Use {{name}} and {{description}} as Product Name and Product Description placeholders","使用 {{name}} 和 {{description}} 作为产品名称和产品描述占位符"
"Recently Viewed/Compared Products","最近查看相比较的产品"
"Lifetime of products in Recently Viewed Widget","最近浏览小部件的生存时间"
"Lifetime of products in Recently Compared Widget","对比产品小部件的生存时间"
"Synchronize widget products with backend storage","后端存储同步小部件产品"
"Storefront","前端"
"List Mode","列表模式"
"Products per Page on Grid Allowed Values","每页网格产品允许值"
"Comma-separated.","以逗号分隔。"
"Products per Page on Grid Default Value","每页网格产品默认值"
"Must be in the allowed values list","必须在允许的值列表中"
"Products per Page on List Allowed Values","每页列表产品允许值"
"Products per Page on List Default Value","每页列表产品默认值"
"Use Flat Catalog Category","使用平面目录类别"
"Use Flat Catalog Product","使用平面目录产品"
"Product Listing Sort by","产品列表排序按"
"Allow All Products per Page","允许每页中的所有产品"
"Whether to show ""All"" option in the ""Show X Per Page"" dropdown","是否显示在""每页显示 X""下拉列表中的""全部""选项"
"Allow Dynamic Media URLs in Products and Categories","允许动态媒体 Url 中的产品和类别"
"E.g. {{media url=""path/to/image.jpg""}} {{skin url=""path/to/picture.gif""}}. Dynamic directives parsing impacts catalog performance.","例如 {{media url=""path/to/image.jpg""}} {{skin url=""path/to/picture.gif""}}。解析影响的动态指令目录性能。"
"Product Image Placeholders","产品图像占位符"
"Search Engine Optimization","搜索引擎优化"
"Page Title Separator","页面标题分隔符。"
"Use Canonical Link Meta Tag For Categories","使用标准连接元标签的类别"
"Use Canonical Link Meta Tag For Products","为产品使用标准连接元标签"
"Catalog Price Scope","目录价格范围"
"This defines the base currency scope (""Currency Setup"" > ""Currency Options"" > ""Base Currency"").","这定义基础货币范围 (""Currency Setup"" > ""Currency Options"" > ""Base Currency"")。"
"Category Top Navigation","类别顶部导航"
"Maximal Depth","最大深度"
"Date & Time Custom Options","日期及时间的自定义选项"
"Use JavaScript Calendar","使用 JavaScript 日历"
"Date Fields Order","日期字段排序。"
"Time Format","时间格式"
"Year Range","年的范围内"
"Please use a four-digit year format.","请使用四位数年份格式。"
"Use Static URLs for Media Content in WYSIWYG for Catalog","使用静态 Url 的媒体内容所见即所得为目录"
"This applies only to catalog products and categories. Media content will be inserted into the editor as a static URL. Media content is not updated if the system configuration base URL changes.","这仅适用于目录的产品和类别。媒体内容将作为静态 URL 插入编辑器。如果系统设置的基准 URL 的变化，不会更新媒体内容。"
"Top Level Category","最高层次的范畴"
"Product Info Column","产品信息栏"
"Block after Info Column","信息栏之后的块"
"Product Flat Data","产品平面数据"
"Reorganize EAV product structure to flat structure","重新整理 EAV 产品结构为平面结构"
"Category Flat Data","类别平面数据"
"Reorganize EAV category structure to flat structure","重新整理 EAV 分类结构为平面结构"
"Category Products","类别产品"
"Indexed category/products association","索引的类别产品协会"
"Product Categories","产品类别"
"Indexed product/categories association","索引的产品协会"
"Product Price","产品价格"
"Index product prices","索引产品价格"
"Product EAV","EAV 产品"
"Index product EAV","索引产品 EAV"
"Catalog New Products List","新的产品目录"
"List of Products that are set as New","设置为新的产品的列表"
"Display Type","显示类型"
"All products - recently added products, New products - products marked as new","所有产品-最近添加的产品，新产品-标记为新的产品"
"All products","所有产品"
"New products","新产品"
"Display Page Control","显示页面控制"
"Number of Products per Page","每页显示的产品数量"
"Number of Products to Display","显示产品的数量"
"Template","模板"
"New Products Grid Template","新产品网格模板"
"New Products List Template","新产品列表模板"
"New Products Images and Names Template","新产品图片和名称模板"
"New Products Names Only Template","新产品名称唯一模板"
"New Products Images Only Template","新产品图像只有模板"
"Cache Lifetime (Seconds)","缓存有效期 (秒)"
"86400 by default, if not set. To refresh instantly, clear the Blocks HTML Output cache.","默认情况下是86400，如果不设置的话，立即刷新，清除阻塞HTML输出缓存。"
"Catalog Product Link","目录产品链接"
"Link to a Specified Product","链接到指定的产品"
"Select Product...","选择产品..."
"Anchor Custom Text","自定义文本锚点"
"If empty, we'll use the product name here.","如果为空，我们将在这里使用产品名称。"
"Anchor Custom Title","自定义标题锚点"
"Product Link Block Template","产品链接块模板"
"Product Link Inline Template","产品链接内联模板"
"Catalog Category Link","目录类别链接"
"Link to a Specified Category","链接到一个指定的类别"
"Select Category...","选择类别..."
"If empty, we'll use the category name here.","如果为空，我们将在这里使用类别名称。"
"Category Link Block Template","分类链接块模板"
"Category Link Inline Template","类别链接内联模板"
"Recently Viewed Products","最近浏览过的产品"
"List of Products Recently Viewed by Visitor","访客最近浏览过的产品列表"
"UI Component","UI 组件"
"Number of Products to display","显示产品的数量"
"Product attributes to show","显示产品属性"
"Image","图片"
"Learn More Link","了解更多链接"
"Buttons to show","显示按钮"
"Add to Wishlist","添加到收藏夹"
"Viewed Products Grid Template","比较的产品网格模板"
"Viewed Products List Template","查看的产品列表模板"
"Viewed Products Sidebar Template","查看的产品侧边栏模板"
"Recently Compared Products","最近查看过的产品"
"List of Products Recently Compared by Visitor","访客最近浏览过的产品列表"
"Compared Products Grid Template","比较的产品网格模板"
"Compared Products List Template","比较产品列表模板"
"Set","设置名称"
"Category Information","类别信息"
"Enable Category","启用类别"
"Include in Menu","在菜单中包含"
"Content","内容"
"Category Image","类别图像"
"Description","描述"
"Add CMS Block","添加 CMS 块"
"Display Settings","显示设置"
"Display Mode","显示模式"
"Anchor","锚点"
"Available Product Listing Sort By","可用产品列表排序"
"Use All","使用所有"
"Default Product Listing Sort By","默认产品列表排序"
"Layered Navigation Price Step","分层的导航价格步。"
"URL Key","网址"
"Meta Title","Meta 标题"
"Meta Keywords","Meta 关键字"
"Meta Description","Meta 描述"
"Products in Category","类别中的产品"
"Design","设计"
"Theme","网站模板"
"Layout","布局"
"Layout Update XML","布局更新 XML"
"Apply Design to Products","适用于产品的设计"
"Schedule Design Update","设计更新安排"
"AttributeSetText","属性集文本"
"StatusText","状态文本"
"Product Image Watermarks","产品图像水印"
"Base","基准分支"
"Allowed file types: jpeg, gif, png.","允许的文件类型︰ jpeg, gif, png。"
"Image Opacity","图像不透明度"
"Example format: 200x300.","示例格式： 200 × 300。"
"Image Position","图像位置"
"Attribute Properties","属性设置"
"Attribute Label","属性标签"
"Catalog Input Type for Store Owner","店主的目录输入类型"
"Values","价值"
"Add this attribute to the list of column options in the product grid.","将此属性添加到产品网格的列选项列表。"
"Add this attribute to the list of filter options in the product grid.","将此属性添加到产品网格的过滤选项列表。"
"System","系统"
"All Store Views","所有商店界面"
"Delete selected items?","删除所选的项目吗?"
"Delete items","删除项目"
"Change status","更改状态"
"Enable","启用"
"Disable","禁用"
"Update attributes","更新属性"
"Overview","概述"
"Skip to the end of the images gallery","跳到结尾的图片库"
"Skip to the beginning of the images gallery","跳转到图像库的开头"
"Details","详情"
"Recently Compared","最近比较"
"Add To Cart","添加到购物车"
"Add To Compare","加入比较"
"Learn more","了解更多"
"Recently Viewed","最近浏览过的"
"Save Category","概况"
"Delete Category","删除类别"
"New Subcategory","新子类别"
"New Root Category","新根类别"
"Set Root Category for Store","存储设置的根类别"
"Custom Design","自定义设计"
"Category Data","分类数据"
"Not shared with other products","不能与其他产品共享"
"Declare attribute value saving scope","声明属性值保存范围"
"Depends on design theme","取决于设计主题"
"We saved the price alert subscription.","我们保存价格警报订阅。"
"We saved the stock notification.","我们保存库存的通知。"
"Images and Videos","图像和视频"
"Click here or drag and drop to add images.","制造基地"
"Make Base","设为原始"
"There was a category move error. %1","出现了一个类别移动错误。%1"
"You moved the category","你移动的类别"
"This product no longer exists.","此产品不存在。"
"We can't find the image file.","我们找不到该图像文件。"
"productFactory is already set","产品工厂已经设置"
"Could not save product option","无法保存产品选项"
"Product option with id %1 does not exist","与 id %1 的产品选项不存在"
"Are you sure you want to delete this category?","你确定要删除这个分类吗？"
"ID: %1","编号：%1"
"Set root category for this store in the <a href=""%1"">configuration</a>.","在 <a href=""%1""> 配置</a> 中设置为此存储根类别。"
"Manage Options (values of your attribute)","管理选项 (您的属性值)"
"An attribute group named ""/name/"" already exists"".","属性组名""/name/""已经存在""。"
"Close panel","关闭面板"
"Allow Multiple Boxes for Shipping.","允许多个箱运输"
"Ok","OK"
"Watermark Default Size","水印默认大小"
"Watermark Opacity, Percent","水印不透明度百分比"
"Watermark","水印"
"Watermark Position","水印位置"
"none","没有"
"File validation failed.","文件验证失败。"
"text","文本"
"Tier Price","分级价格"
"If your Magento site has multiple views, you can set the scope to apply to a specific view.","如果你的 Magento 网站有多个视图，您可以设置适用于特定视图的范围。"
"Sort Products By","对产品进行排序"
"Default Product Sorting","默认产品排序"
"Use Parent Category Settings","使用父类别设置"
"Page not found","找不到页面"
"Full file path is expected.","需要完整文件路径。"
"from","从"
"to","至"
"The attribute couldn't be saved due to an error. Verify your information and try again. If the error persists, please try again later.","产生错误，无法保存该属性。请核实信息后再试。如果错误仍然存在，请稍后再试。"
"The attribute couldn't be validated due to an error. Verify your information and try again. If the error persists, please try again later.","产生错误，无法验证该属性。请核实信息后再试。如果错误仍然存在，请稍后再试。"
"Tier prices data should be array, but actually other type is received","等级价格数据应为数组类型，但实际收到的是其他类型的数据"
"Price indexer ""%1"" must implement %2 or %3","价格索引器 ""%1"" 必须实现 %2 或 %3"
"You added product %1 to the <a href=""%2"">comparison list</a>.","您已添加产品 %1 到<a href=""%2"">比较列表</a>。"
"Maximum %1 characters","最多%1 个字符"
"remaining","剩余"
"too many","太多"
"Sending attribute values as package.","正在将属性值作为包发送。"
"This value does not follow the specified format (for example, 200X300).","此值不符合指定的格式 (例如，200 x 300)。"
"Applies to category pages","应用到商品分类页面"
"Remember Category Pagination","记住商品分类分页"
"Changing may affect SEO and cache storage consumption.","更改可能会影响SEO和消耗缓存存储空间。"
"Images Upload Configuration","图像上传配置"
"Quality","质量"
"Jpeg quality for resized images 1-100%.","缩放图像1-100%的 Jpeg 质量。"
"Cost","成本"
"The ""%1"" attribute is required. Enter and try again.","必须填写""%1""属性。输入后再试。"
"Attributes were missing and must be specified.","属性缺失，必须指定。"
"The value of Admin must be unique. (%1)","管理员的值必须唯一。(%1)"
"The product was unable to be saved. Please try again.","产品无法保存。请重试。"
"The value of the ""%1"" attribute isn't unique. Set a unique value and try again.","%1属性的值重复。请设置一个唯一的值，然后重试。"
"The category doesn't contain the specified product.","该分类不包含指定的产品。"
"The %1 value wasn't found in the algorithms.","算法中找不到 %1的 值。"
"The filters are invalid. Set them in an array and try again.","过滤器无效。在数组中设置它们，然后重试。"
"The product wasn't registered.","产品未注册."
"The store wasn't registered. Verify the store and try again.","店铺尚未注册。请核实后重试。"
"The ""%1"" attribute value is empty. Set the attribute and try again.","""%1""属性值为空。请设置属性后再试。"
"The attribute set couldn't be created because it's based on a non-product attribute set.","无法创建该属性集，因为它基于非产品属性集。"
"The attribute set couldn't be created because it's based on a non-existing attribute set.","无法创建该属性集，因为它基于一个不存在的属性集。"
"The image content is invalid. Verify the content and try again.","图像内容无效。核实内容后再试。"
"The product can't be saved.","产品无法保存。"
"The new media gallery entry failed to save.","新媒体库条目保存失败。"
"No image with the provided ID was found. Verify the ID and try again.","未找到所提供ID的图像。请核实ID后再试。"
"The product doesn't exist. Verify and try again.","该产品不存在。请核实后重试。"
"The image doesn't exist. Verify and try again.","图像不存在。请核实后重试。"
"The image doesn't exist.","图像不存在。"
"The image type for the file is invalid. Enter the correct image type and try again.","文件的图像类型无效。请输入正确的图像类型后再试。"
"The ""%1"" file couldn't be moved.","无法移动""%1""文件。"
"The ProductSku is empty. Set the ProductSku and try again.","ProductSku 为空。设置 ProductSku 后再试。"
"The custom option couldn't be removed.","无法删除自定义选项。"
"The product's required option(s) weren't entered. Make sure the options are entered and try again.","未输入产品的必需选项。请确保输入后再试。"
"The file options format is invalid. Use a correct format and try again.","文件选项格式无效。请使用正确的格式，然后重试。"
"The file ""%1"" is empty. Select another file and try again.","文件%1为空。请选择另一个文件，然后重试。"
"The validation failed. Make sure the required options are entered and the file is uploaded, then try again.","验证失败。请确保已输入所需的选项并上传文件，然后重试。"
"The file was too big and couldn't be uploaded. Use a file smaller than %1 MBs and try to upload again.","文件过大，无法上传。使用小于 %1 MB的文件并尝试再次上传。"
"The required option wasn't entered. Enter the option and try again.","所需的选项未输入。请输入选项后重试。"
"The file is empty. Select another file and try again.","该文件为空。请选择另一个文件，然后重试。"
"The text is too long. Shorten the text and try again.","文本太长。缩短文本，然后重试。"
"The product that was requested doesn't exist. Verify the product and try again. Row ID: SKU = %SKU, Store ID: %storeId, Price From: %priceFrom, Price To: %priceTo.","请求的产品不存在。请核实产品，然后重试。 行编号: SKU = %SKU, 存储 编号: %storeId, 价格从: %priceFrom, 价格到: %priceTo."
"Tier price is unavailable for this product.","此产品不可用价格等级。"
"The tier_price data is invalid. Verify the data and try again.","该Tier_price 数据无效。验证数据，然后重试。"
"The group price couldn't be saved.","无法保存组价格。"
"The data was invalid. Verify the data and try again.","数据无效。验证数据，然后重试。"
"Values in the %1 attributes are invalid. Verify the values and try again.","%1 属性中的值无效。验证值后重试。"
"We can't create the ""%1"" writeable directory.","我们无法创建可写目录%1。"
"The file upload failed. Try to upload again.","文件上传失败。请尝试再次上传。"
"The product has required options. Enter the options and try again.","产品有必需的选项。请输入选项后重试。"
"The group with the ""%1"" ID doesn't exist. Verify the ID and try again.","不存在编号为""%1""的组。请核实后再试。"
"The attribute group can't be deleted because it contains system attributes.","该属性组无法删除，因为它包含系统属性。"
"The collection provider isn't registered.","集合提供程序没有注册。"
"The ""%1"" link type is unknown. Verify the type and try again.","“%1”链接类型未知。请验证类型，然后重试。"
"The ""%1"" link type wasn't found. Verify the type and try again.","无法找到""%1""链接类型。请验证类型，然后重试。"
"The linked products data is invalid. Verify the data and try again.","链接的产品数据无效。验证数据，然后重试。"
"The product that was requested doesn't exist. Verify the product and try again.","请求的产品不存在。请验证产品，然后重试。"
"The Product with the ""%1"" SKU doesn't exist.","不存在SKU为""%1""的产品。"
"The ""%1"" product couldn't be removed.","The ""%1"" product couldn't be removed."
"Category with ID: %s doesn't exist","Category with ID: %s doesn't exist"
"Product Name or SKU","Product Name or SKU"
"Start typing to find products","Start typing to find products"
"Product with ID: %s doesn't exist","Product with ID: %s doesn't exist"
"Processor %1 doesn't implement WysiwygConfigDataProcessorInterface. It will be skipped","Processor %1 doesn't implement WysiwygConfigDataProcessorInterface. It will be skipped"
"An item needs to be selected. Select and try again.","An item needs to be selected. Select and try again."
"Use Static URLs for Media Content in WYSIWYG","Use Static URLs for Media Content in WYSIWYG"
"Media content will be inserted into the editor as a static URL. Media content is not updated if the system configuration base URL changes.","Media content will be inserted into the editor as a static URL. Media content is not updated if the system configuration base URL changes."
"Default Layouts","Default Layouts"
"Default Product Layout","Default Product Layout"
"Default Category Layout","Default Category Layout"
"
                    Time in seconds between the widget updates.
                    <br/>If not set, equals to 86400 seconds (24 hours). To update widget instantly, go to Cache Management and clear Blocks HTML Output cache.
                    <br/>Widget will not show products that begin to match the specified conditions until cache is refreshed.
                ","
                    Time in seconds between the widget updates.
                    <br/>If not set, equals to 86400 seconds (24 hours). To update widget instantly, go to Cache Management and clear Blocks HTML Output cache.
                    <br/>Widget will not show products that begin to match the specified conditions until cache is refreshed.
                "
"Text Editor input type requires WYSIWYG to be enabled in Stores > Configuration > Content Management.","Text Editor input type requires WYSIWYG to be enabled in Stores > Configuration > Content Management."
"Attribute code ""%1"" is invalid. Please use only letters (a-z or A-Z), numbers (0-9) or underscore(_) in this field, first character should be a letter.","Attribute code ""%1"" is invalid. Please use only letters (a-z or A-Z), numbers (0-9) or underscore(_) in this field, first character should be a letter."
"Advanced","高级"
